Title:,hesB_cy,,,,,,,
Algorithm: ,ReverseRBS,,,,,,,
Submit Date: ,06/08/2015,CPU Time: ,0:01:26.84,,,,,
Organism: ,Cyanothece sp. ATCC 51142 (ACCTCCTTA)**,,,,,,,
mRNA sequence: ,ATGACTGTCACTCTTACTGAAAAAGCTGCCCTGAAACTCCGTACCGTCTTATACGGGAACTCAAACAATATTACTGGTATTCGTGTTGGTGTCAAAGATGGTGGCTGTAATGGCTACGAATATGCCTTAAATTTAGTCAAAGAAGCCAACAACGAAGATGTCCGCTTTGAACAAGATAATGTTCCTATCTATGTTGACCCAAAGAGTGTGTCTTTATTAGATGGTGTGGTTATCGATTTTGTCGATAGTTTAACCCAAAGTGGTTTTACCTTTACTAACCCTAATGCAACTGATACTTGTGGCTGCGGTAAGTCTTTCTCTACAGCCAACTGCAGTGGCCAAGCTACTTCTTGTAGCTAA,,,,,,,
,,,,,,,,
Start Position,Translation Initiation Rate (au),dG_total (kcal/mol),dG_mRNA_rRNA (kcal/mol),dG_spacing (kcal/mol),dG_standby (kcal/mol),dG_start (kcal/mol),dG_mRNA (kcal/mol),Accuracy (warnings)
0,4278.68,-1.19,0,0,0,-1.19,0,OLS LDS
4,10.25,12.21,2.62,9.63,0,-0.03,0,OK
16,1076.14,1.87,0.32,0.29,0,-0.03,-1.3,NEQ
25,623.71,3.08,-2.48,0,0,-0.03,-5.6,OLS
30,107.57,6.99,0.32,0.01,0,-0.03,-6.7,OLS
73,12.25,11.82,-5.68,4.03,0,-0.03,-13.5,NEQ
82,1039.68,1.95,-4.24,0.01,5.04,-0.07,-11.3,NEQ OLS
85,269.74,4.95,-6.58,0.67,0,-0.04,-10.9,OLS
88,43.22,9.02,-1.68,0.67,0,-0.07,-10.1,NEQ OLS
97,153.72,6.2,-3.38,0.67,0,-1.19,-10.1,NEQ OLS
100,49.47,8.72,-1.98,0.67,0,-0.07,-10.1,NEQ OLS
104,65.72,8.08,-1.98,0,0,-0.03,-10.1,NEQ OLS
109,558.5,3.33,-5.58,0.01,0,-1.19,-10.1,NEQ OLS
121,66.46,8.06,-2.18,0.01,0,-1.19,-11.43,NEQ
157,378.12,4.2,-1.88,0.67,0,-1.19,-6.6,OK
166,79.02,7.68,-1.38,0,0,-0.04,-9.1,NEQ
178,43.05,9.03,-3.08,0,-1.9,-1.19,-11.4,NEQ
190,25.09,10.22,-0.18,0,0,-1.19,-11.6,NEQ OLS
193,8.9,12.53,-0.18,1.15,0,-0.04,-11.6,NEQ OLS
205,12.66,11.74,-2.98,0,-1.4,-0.07,-13.4,NEQ OLS
207,8.42,12.65,-0.68,0.01,0,-0.07,-13.4,NEQ OLS
220,12.96,11.69,-4.08,3.17,0,-1.19,-13.8,OLS
223,7.72,12.84,0.22,0,-1.5,-0.07,-11.2,OLS
225,13.1,11.67,-2.38,1.52,-1.5,-0.07,-11.1,OLS
238,70.55,7.93,-5.98,1.15,-0.6,-0.04,-12.2,NEQ
259,143.52,6.35,-2.28,0.01,-0.6,-0.07,-8.1,OK
283,217.06,5.43,-0.78,0.01,0,-1.19,-7.4,NEQ
289,94.63,7.27,0.42,0,0,-0.03,-6.89,NEQ
296,24.66,10.26,-0.18,0.29,-0.6,-0.04,-9.6,OLS
298,22.2,10.5,0.42,1.15,0,-0.07,-9,OLS
302,10.92,12.07,-0.98,0.29,0,-0.03,-12.8,NEQ OLS
329,0.25,20.49,0.52,0.01,0,-0.03,-20,CDS NEQ OLS
334,2.99,14.95,-2.08,0.01,0,-0.07,-17.1,CDS NEQ OLS
350,38.46,9.28,-3.28,0,-2.3,-0.04,-10.3,CDS
