Title:,mobA_cy,,,,,,,
Algorithm: ,ReverseRBS,,,,,,,
Submit Date: ,06/08/2015,CPU Time: ,0:11:4.98,,,,,
Organism: ,Cyanothece sp. ATCC 51142 (ACCTCCTTA)**,,,,,,,
mRNA sequence: ,ATGGCGATTTATCACCTTACGGCGAAAACCGGCAGCAGGTCGGGCGGCCAATCGGCCAGGGCCAAGGCCGACTACATCCAGCGCGAAGGCAAGTATGCCCGCGACATGGATGAAGTCTTGCACGCCGAATCCGGGCACATGCCGGAGTTCGTCGAGCGGCCCGCCGACTACTGGGATGCTGCCGACCTGTATGAACGCGCCAATGGGCGGCTGTTCAAGGAGGTCGAATTTGCCCTGCCGGTCGAGCTGACCCTCGACCAGCAGAAGGCGCTGGCGTCCGAGTTCGCCCAGCACCTGACCGGTGCCGAGCGCCTGCCGTATACGCTGGCCATCCATGCCGGTGGCGGCGAGAACCCGCACTGCCACCTGATGATCTCCGAGCGGATCAATGACGGCATCGAGCGGCCCGCCGCTCAGTGGTTCAAGCGGTACAACGGCAAGACCCCGGAGAAGGGCGGGGCACAGAAGACCGAAGCGCTCAAGCCCAAGGCATGGCTTGAGCAGACCCGCGAGGCATGGGCCGACCATGCCAACCGGGCATTAGAGCGGGCTGGCCACGACGCCCGCATTGACCACAGAACACTTGAGGCGCAGGGCATCGAGCGCCTGCCCGGTGTTCACCTGGGGCCGAACGTGGTGGAGATGGAAGGCCGGGGCATCCGCACCGACCGGGCAGACGTGGCCCTGAACATCGACACCGCCAACGCCCAGATCATCGACTTACAGGAATACCGGGAGGCAATAGACCATGAACGCAATCGACAGAGTGAAGAAATCCAGAGGCATCAACGAGTTAGCGGAGCAGATCGAACCGCTGGCCCAGAGCATGGCGACACTGGCCGACGAAGCCCGGCAGGTCATGAGCCAGACCCAGCAGGCCAGCGAGGCGCAGGCGGCGGAGTGGCTGAAAGCCCAGCGCCAGACAGGGGCGGCATGGGTGGAGCTGGCCAAAGAGTTGCGGGAGGTAGCCGCCGAGGTGAGCAGCGCCGCGCAGAGCGCCCGGAGCGCGTCGCGGGGGTGGCACTGGAAGCTATGGCTAACCGTGATGCTGGCTTCCATGATGCCTACGGTGGTGCTGCTGATCGCATCGTTGCTCTTGCTCGACCTGACGCCACTGACAACCGAGGACGGCTCGATCTGGCTGCGCTTGGTGGCCCGATGAAGAACGACAGGACTTTGCAGGCCATAGGCCGACAGCTCAAGGCCATGGGCTGTGAGCGCTTCGATATCGGCGTCAGGGACGCCACCACCGGCCAGATGATGAACCGGGAATGGTCAGCCGCCGAAGTGCTCCAGAACACGCCATGGCTCAAGCGGATGAATGCCCAGGGCAATGACGTGTATATCAGGCCCGCCGAGCAGGAGCGGCATGGTCTGGTGCTGGTGGACGACCTCAGCGAGTTTGACCTGGATGACATGAAAGCCGAGGGCCGGGAGCCTGCCCTGGTAGTGGAAACCAGCCCGAAGAACTATCAGGCATGGGTCAAGGTGGCCGACGCCGCAGGCGGTGAACTTCGGGGGCAGATTGCCCGGACGCTGGCCAGCGAGTACGACGCCGACCCGGCCAGCGCCGACAGCCGCCACTATGGCCGCTTGGCGGGCTTCACCAACCGCAAGGACAAGCACACCACCCGCGCCGGTTATCAGCCGTGGGTGCTGCTGCGTGAATCCAAGGGCAAGACCGCCACCGCTGGCCCGGCGCTGGTGCAGCAGGCTGGCCAGCAGATCGAGCAGGCCCAGCGGCAGCAGGAGAAGGCCCGCAGGCTGGCCAGCCTCGAACTGCCCGAGCGGCAGCTTAGCCGCCACCGGCGCACGGCGCTGGACGAGTACCGCAGCGAGATGGCCGGGCTGGTCAAGCGCTTCGGTGATGACCTCAGCAAGTGCGACTTTATCGCCGCGCAGAAGCTGGCCAGCCGGGGCCGCAGTGCCGAGGAAATCGGCAAGGCCATGGCCGAGGCCAGCCCAGCGCTGGCAGAGCGCAAGCCCGGCCACGAAGCGGA,,,,,,,
,,,,,,,,
Start Position,Translation Initiation Rate (au),dG_total (kcal/mol),dG_mRNA_rRNA (kcal/mol),dG_spacing (kcal/mol),dG_standby (kcal/mol),dG_start (kcal/mol),dG_mRNA (kcal/mol),Accuracy (warnings)
0,809.35,2.51,-3.2,0,0,-1.19,-6.9,NEQ LDS
94,0.14,21.83,-7.28,0.01,0,-1.19,-30.3,NEQ
105,0.23,20.63,-5.38,2.4,0,-1.19,-24.8,NEQ OLS
109,0.52,18.82,-3.18,0,0,-1.19,-23.2,NEQ OLS
117,41.98,9.08,-12.98,0.01,0,-0.04,-22.1,NEQ
138,2.39,15.45,-7.28,1.52,-1.9,-1.19,-20.5,NEQ
170,0.56,18.66,-3.38,0.67,-1.7,-0.03,-19.7,NEQ OLS
175,12.77,11.72,-10.88,0,-1.9,-1.19,-21.9,NEQ OLS
178,39.61,9.21,-14.48,1.52,-1.3,-0.03,-20.9,NEQ OLS
186,4.47,14.06,-10.68,0.67,0,-0.03,-24.1,OLS
190,0.16,21.43,-1.54,0,3.64,-1.19,-27.8,NEQ OLS
202,0.07,23.44,-2.98,0,-1.4,-1.19,-26.22,NEQ
210,0.19,21.11,3.78,1.52,6.86,-0.03,-22.7,NEQ
229,655.2,2.98,-21.28,0,0,-0.04,-24.3,OLS
234,11.89,11.88,-14.88,2.4,0,-0.03,-24.4,NEQ OLS
246,0.07,23.39,-9.58,0.01,-3,-0.03,-30,NEQ
270,5.78,13.48,-15.5,0,-0.22,-0.03,-28.8,OK
294,0.28,20.19,-1.61,0.01,4.67,-0.03,-26.5,NEQ
301,0.23,20.67,-10.88,1.52,-3.7,-0.07,-26.4,NEQ
312,0.33,19.87,-5.78,0.29,0,-0.03,-25.4,OK
324,2.25,15.58,-10.98,0,0,-0.03,-26.6,NEQ
334,0.33,19.83,-6.58,0,0,-1.19,-27.6,NEQ
340,0.49,18.95,-2.48,0.01,-0.4,-0.07,-21.1,NEQ
359,26.86,10.07,-12.78,0.29,-2.1,-0.03,-20.5,OK
366,0.22,20.78,-4.18,0,0,-0.03,-25,NEQ OLS
369,0.66,18.32,-4.58,0,-0.4,-1.19,-23.7,NEQ OLS
388,2.77,15.13,-6.38,0,0,-1.19,-22.7,NEQ
416,2.65,15.22,-2.18,0.67,0,-0.07,-16.8,NEQ
491,0.32,19.91,-4.78,0.29,-2.3,-1.19,-23.3,NEQ OLS
496,13.06,11.68,-11.41,0,3.97,-0.04,-27.1,NEQ OLS
515,0.34,19.81,-6.18,0.29,0,-1.19,-26.9,NEQ
526,0.69,18.22,-8.28,0,0,-1.19,-27.69,NEQ
550,7.08,13.04,-6.08,1.15,0,-0.03,-18,OK
568,9.53,12.38,-5.78,0,0,-0.04,-18.2,NEQ
583,2.44,15.4,-3.14,1.52,7.64,-0.04,-24.7,NEQ
606,0.44,19.18,-8.68,2.4,0,-0.03,-25.5,NEQ
613,0.37,19.57,-7.48,1.52,-3.6,-0.07,-22,NEQ
621,3.18,14.81,-15.88,0.29,-3.4,-0.03,-27.04,NEQ
633,86.13,7.48,-18.38,0,0,-0.07,-25.94,NEQ OLS
636,16.29,11.18,-12.58,0,0,-0.07,-23.84,NEQ OLS
642,56.26,8.43,-9.71,0.01,6.37,-1.19,-25.7,NEQ
678,22.68,10.45,-10.78,0.01,-2.6,-0.07,-18.7,NEQ
684,42.13,9.07,-6.98,0.29,0,-0.03,-15.8,NEQ
748,70596.09,-7.42,-11.08,1.15,0,-1.19,-3.7,NEQ
766,465.26,3.74,-1.08,1.15,0,-0.07,-3.74,NEQ
814,7.58,12.88,-6.18,2.4,0,-0.03,-16.7,NEQ
826,0.82,17.83,-8.88,0.01,-6.5,-1.19,-21.4,OK
835,6.31,13.29,-5.08,0.01,0,-0.03,-18.4,NEQ
859,12.21,11.82,-6.14,0,4.54,-1.19,-23.7,NEQ
900,10,12.27,-12.78,1.52,-0.6,-0.07,-23,NEQ OLS
904,0.14,21.79,-10.68,0.01,-2.5,-0.03,-30,NEQ OLS
933,18.1,10.95,-9.88,1.52,0,-1.19,-20.5,NEQ OLS
937,66.78,8.05,-11,0.01,4.38,-0.07,-23.5,NEQ OLS
943,128.78,6.59,-9.68,0.01,3,-0.03,-19.3,OK
955,4.85,13.88,-3.54,2.4,5.64,-0.04,-20.7,NEQ
976,197.14,5.64,-13.17,2.4,4.91,-0.07,-21.4,NEQ
1017,0.2,20.95,-7.88,0.01,-1,-0.07,-27.9,NEQ
1023,4.61,13.99,-18.78,0.01,-3.9,-0.03,-28.9,NEQ
1032,4.95,13.83,-11.48,0.01,0,-1.19,-26.5,NEQ
1042,0.78,17.94,-7.48,0,0,-0.07,-25.5,NEQ OLS
1045,0.69,18.23,-6.58,0,-2.7,-1.19,-23.3,NEQ OLS
1048,1.64,16.29,-6.48,0.01,-1.1,-0.03,-21.7,NEQ OLS
1057,2.52,15.33,-7.08,0.01,-1.4,-1.19,-22.2,OLS
1060,1.84,16.03,-6.98,0.01,-2.2,-1.19,-22,OLS
1069,28.47,9.94,0.66,0,6.24,-0.07,-15.6,NEQ OLS
1072,3.14,14.84,-0.68,0,0,-0.07,-15.6,NEQ OLS
1075,20.35,10.69,-5.68,0.01,-0.8,-0.03,-15.6,NEQ OLS
1078,52.35,8.59,-9.28,0.01,-2.3,-0.03,-15.6,NEQ OLS
1090,8.29,12.69,-2.18,0,0,-0.04,-14.91,NEQ
1096,5.55,13.58,-2.88,0,0.3,-0.04,-16.8,NEQ
1105,185.04,5.78,-6.18,0,0,-0.03,-12,NEQ
1114,13.78,11.56,-1.38,0.67,0,-0.03,-12.3,NEQ
1137,168.35,5.99,-8.58,0,0,-0.03,-14.61,NEQ OLS
1141,77.35,7.72,-8.58,1.73,0,-0.03,-14.61,NEQ OLS
1147,11.41,11.98,-4.38,0,0,-0.04,-16.4,NEQ OLS
1150,0.97,17.44,-4.38,0,0,-0.07,-21.9,OLS
1158,109.53,6.95,-15.18,1.52,-2,-1.19,-19.8,NEQ
1176,1.1,17.18,2.62,0.01,4.6,-0.04,-19.2,NEQ
1206,0.22,20.73,-4.68,0,-2,-1.19,-24.6,NEQ OLS
1211,24.55,10.27,-18.18,0.29,0,-0.03,-28.2,NEQ OLS
1213,29.78,9.84,-17.68,0,-0.8,-0.07,-26.8,NEQ OLS
1257,58.33,8.35,-4.9,1.52,6.08,-1.19,-19,NEQ OLS
1260,101.79,7.11,-10.98,0.29,0,-1.19,-19,NEQ OLS
1271,51.42,8.63,-3.78,0.01,0,-1.19,-13.6,NEQ
1287,106.51,7.01,-7.58,3.17,0,-0.07,-11.5,NEQ
1304,96.55,7.23,-6.28,0.01,-2.2,-1.19,-12.5,NEQ
1317,5.19,13.73,-1.68,0,0,-1.19,-16.6,NEQ OLS
1321,1.33,16.75,0.02,1.52,2.5,-1.19,-18.9,NEQ OLS
1333,6.7,13.16,-5.04,4.03,4.04,-1.19,-19.4,NEQ OLS
1338,18.11,10.95,-5.41,0.01,1.57,-0.07,-18,NEQ OLS
1369,1.93,15.92,-5.68,0,-0.1,-1.19,-22.7,OLS
1374,2.38,15.46,-8.38,0.67,-0.5,-0.03,-22.7,OLS
1377,1.2,16.97,-7.88,1.73,-0.5,-0.07,-22.7,OLS
1380,1.65,16.27,-9.58,0.29,-3.4,-0.03,-22.2,OLS
1383,29.71,9.85,-13.28,0.01,-3.7,-0.07,-19.5,NEQ OLS
1402,11.27,12,-6.98,3.17,0,-0.04,-15.86,NEQ OLS
1407,82.11,7.59,-9.08,0.01,-0.4,-0.03,-16.3,NEQ OLS
1411,237.5,5.23,-12.68,0.01,0,-1.19,-19.1,NEQ OLS
1416,35.87,9.43,-7.48,0.01,-2.3,-1.19,-15.8,OLS
1438,2.95,14.98,-5.58,0,0,-0.03,-20.6,NEQ OLS
1443,25.48,10.19,-7.21,0.01,3.67,-0.03,-21.1,NEQ OLS
1449,3.43,14.64,-8.78,2.4,-1,-0.07,-20.1,NEQ
1478,111.37,6.91,-11.58,0.29,0,-1.19,-19.4,NEQ
1488,0.59,18.55,-1.3,0.01,6.08,-0.07,-26,NEQ
1507,0.22,20.74,-10.58,0,-6.1,-0.07,-25.3,NEQ
1525,20.25,10.7,-15.98,1.52,0,-0.04,-25.2,NEQ
1536,0.71,18.13,-11.98,6.05,0,-0.03,-24.1,OK
1585,2.91,15.01,-7.48,0.29,0,-1.19,-23.4,NEQ
1593,2.23,15.6,-8.98,1.52,0,-0.04,-23.1,NEQ
1649,0.4,19.4,-4.38,1.15,-0.7,-0.07,-22,NEQ OLS
1653,0.65,18.35,-3.68,0.01,0,-0.07,-22.1,NEQ OLS
1656,0.87,17.68,-4.08,0,-0.7,-0.03,-21.1,NEQ OLS
1659,4.82,13.89,-2.68,0.01,3.4,-0.03,-20,NEQ OLS
1663,8.25,12.7,-9.18,1.15,-0.3,-0.07,-20.5,NEQ OLS
1690,0.3,20.05,-7.58,3.17,0,-0.03,-24.5,NEQ
1701,3.24,14.77,-4.41,0.29,4.67,-0.03,-23.6,NEQ OLS
1704,0.03,24.85,-5.08,0.01,0,-0.07,-30,NEQ OLS
1714,0.1,22.45,-11.18,1.15,-0.1,-0.03,-32.41,NEQ
1764,4.61,13.99,-11.58,0.01,0,-0.03,-25.6,NEQ
1779,0.95,17.49,-9.88,0.01,-1.9,-0.03,-25.5,OK
1818,1.72,16.18,-5.68,0,5.4,-0.03,-27.3,NEQ
1839,2.21,15.63,-11.78,0,0,-1.19,-28.6,NEQ
1848,2.57,15.29,-9.08,0.01,0,-0.03,-24.4,NEQ
1864,0.2,21.01,-9.58,3.17,0,-0.07,-27.5,NEQ OLS
1867,0.3,20.03,-3.88,0.01,-0.9,-1.19,-24.2,OLS
1880,0.01,28.23,-5.38,0.29,0,-0.07,-33.4,NEQ
1905,0.22,20.78,-1.08,0,1,-0.03,-22.9,NEQ
1924,2.99,14.95,-12.92,0.01,3.96,-0.07,-31.9,NEQ
1947,0.19,21.11,-13.48,0.29,0,-1.19,-35.5,NEQ
1968,0.36,19.66,-9.48,0.67,-3,-0.03,-25.5,CDS NEQ
