Title:,mobC_ec,,,,,,,
Algorithm: ,ReverseRBS,,,,,,,
Submit Date: ,06/08/2015,CPU Time: ,0:00:59.91,,,,,
Organism: ,Escherichia coli 536 (ACCTCCTTA),,,,,,,
mRNA sequence: ,TCAGCCCGGCTCATCCTTCTGGCGTGGCGGCAGACCGAACAAGGCGCGGTCGTGGTCGCGTTCAAGGTACGCATCCATTGCCGCCATGAGCCGATCCTCCGGCCACTCGCTGCTGTTCACCTTGGCCAAAATCATGGCCCCCACCAGCACCTTGCGCCTTGTTTCGTTCTTGCGCTCTTGCTGCTGTTCCCTTGCCCGCACCCGCTGAATTTCGGCATTGATTCGCGCTCGTTGTTCTTCGAGCTTGGCCAGCCGATCCGCCGCCTTGTTGCTCCCCTTAACCAT,,,,,,,
,,,,,,,,
Start Position,Translation Initiation Rate (au),dG_total (kcal/mol),dG_mRNA_rRNA (kcal/mol),dG_spacing (kcal/mol),dG_standby (kcal/mol),dG_start (kcal/mol),dG_mRNA (kcal/mol),Accuracy (warnings)
18,5.05,13.78,-2.88,0,0,-0.03,-16.7,NEQ OLS
23,1.17,17.04,-4.08,2.4,0,-0.07,-18.8,OK
51,0.33,19.83,-9.18,0.29,0,-0.07,-28.8,NEQ
77,0.58,18.6,-7.28,1.73,5,-0.04,-29.2,NEQ
85,1.84,16.03,-7.58,0.01,-5.1,-1.19,-19.7,NEQ
109,1.97,15.87,-1.98,0.29,0,-0.03,-17.6,NEQ OLS
112,2.26,15.57,-2.28,0.29,0,-0.03,-17.6,NEQ OLS
121,4.6,14,-6.38,0,0,-0.04,-20.42,NEQ
133,16.54,11.15,-3.88,0.01,0,-1.19,-16.22,NEQ
151,9.01,12.5,-7.18,1.52,0,-0.04,-18.2,NEQ
158,14.37,11.46,-6.98,0.29,0,-0.04,-18.2,NEQ
169,5.57,13.57,-1.68,0.67,-1,-0.04,-13.62,NEQ
177,10.08,12.25,1.62,0.01,0,-0.04,-10.67,NEQ OLS
180,37.62,9.32,2.92,0,1.9,-0.03,-8.34,NEQ OLS
183,33.46,9.58,-1.78,0,0,-0.03,-11.4,NEQ OLS
191,13.03,11.68,-1.88,0.01,-1.7,-0.04,-11.9,NEQ
204,3.86,14.38,-0.18,0,0,-0.03,-14.6,NEQ
217,7.31,12.96,-0.28,0.29,0,-0.04,-13,NEQ
231,2.7,15.18,-1.88,0,0,-0.04,-17.1,NEQ
244,1.37,16.69,1.32,0,-0.3,-0.04,-15.11,NEQ
265,45.94,8.88,-2.18,0.01,-1.5,-0.04,-9.6,CDS NEQ OLS
268,118.2,6.78,-2.48,0.01,-0.3,-0.04,-9,CDS NEQ OLS
