Title:,nifB_cy,,,,,,,
Algorithm: ,ReverseRBS,,,,,,,
Submit Date: ,06/08/2015,CPU Time: ,0:04:20.59,,,,,
Organism: ,Cyanothece sp. ATCC 51142 (ACCTCCTTA)**,,,,,,,
mRNA sequence: ,ATGTTACAATCTACAGGTCTCATTAACACTGACGCATCTACGGCTAATCCAACAACTGCGCCGGGAACCTCATTTATTCCCAAAGCAAAAGGAGATTGTGCTTGTCCCTCAAGTGGGGATAGTACACAAACCATAGATGCAAAGATTCAAGAAAGAATTGCCAAACACCCTTGTTACAGTGAAGATGCCCATCATCACTATGCACGGATGCACGTCGCCGTCGCCCCTGCTTGTAACATTCAATGCAACTATTGTAACCGCAAATACGACTGTGCCAACGAAAGTCGGCCAGGAGTGGTTAGTGAAGTTTTAACCCCAGAAGAAGCAGCCCATAAAGCATTAGTAATTGGTGGAAAAATTCCCCAAATGACTGTATTAGGTATTGCCGGTCCTGGTGATCCTTTAGCGAACCCCAAACAAACCTTTCGCACCTTTGAATTAGTAGCAGATAAAGCCCCCGATATTAAACTCTGCTTATCCAGTAACGGATTAATGTTACCGGAATACGTTGATCGCATTAAAGAACTCAACATCGATCATGTCACCCTCACCATTAATATGATCGACCCCGAAATTGGGGAAAAAATTTATCCTTGGGTTCGGTATAATCGGAAACGATATAAAGGCATAGAAGGGGTTAAGATACTTCATGAGAAACAAATGGAGTCCCTTGATGCCCTCAAAGAAGCGGATATCCTCTGCAAAGTGAACTCCGTCATGATTCCAGGAATCAACGACGAACACTTAGCCGAAGTTAATGAAGTCATTCGTTCTAAAGGTGCATTTCTCCACAATATTATGCCCTTGATTTCTGCCCCTGAACACGGTACTCATTTCGGTTTGACCGGACAAAGAGGCCCCACCCCTAAAGAGCTAAAAGCTTTACAGGATAAGTGTTCTGGCAACATGAAAATGATGCGTCACTGCCGTCAATGTCGCGCTGATGCTGTTGGGCTACTCGGAGAAGATCGCTCTCAAGAGTTTACCAAAGATAAATTCTTAGAAATGGCTCCTGAGTATGATGTTGCTCAACGTCAAGAAGTTCACGCCAACATCGAAAAATTCACCGCCGAATTTAAAGCAACCAAAGCACAACAAAAAGCCCAAAAGAAAGCCAACGCACCTAAAATTTTAGTGGCAGTAGCAACCAAAGGCAACCGCTTAGTGAACCAGCATTTCGGCCACGCCAAAGAATTTCAAATCTTTGAAGTGGATGGCACTGATGTCACCTTTGTCGCACACCGTAAAGTGGATCACTACTGTCAAAGCGGCTACGGCGAAGAAGCAACCCTCGATAACATTATTAAATCTATCTCCGACTGTAAAGGGGTACTCGCTTCAAAAATCGGTCATTGTCCTCAAGAAGAATTACGCAAAGCCGGTTTAGAACCTTACGAAGCTTACGATGTCATCGATAACGTTGCCATCAACTTCTACAAAGATTATATGCAAAAACAAGCATTAGGAGCCTAA,,,,,,,
,,,,,,,,
Start Position,Translation Initiation Rate (au),dG_total (kcal/mol),dG_mRNA_rRNA (kcal/mol),dG_spacing (kcal/mol),dG_standby (kcal/mol),dG_start (kcal/mol),dG_mRNA (kcal/mol),Accuracy (warnings)
0,4090.39,-1.09,-1.7,0,0,-1.19,-1.8,LDS
28,587.74,3.22,-3.28,0.67,0,-0.03,-5.86,OK
55,100.7,7.14,-1.68,1.15,0,-0.03,-7.7,OK
95,2.06,15.78,-1.28,0.01,0,-0.04,-17.1,OLS
97,18.11,10.95,-6.88,0.01,0,-0.07,-17.9,NEQ OLS
101,203.33,5.58,-8.68,0,0,-0.04,-14.3,NEQ OLS
112,5.65,13.54,-7.18,4.99,0,-0.07,-15.8,NEQ
136,585.61,3.23,-5.38,0,0,-1.19,-9.8,OK
157,758.28,2.65,0.02,0.01,0,-0.04,-2.67,NEQ
170,16.36,11.18,-0.88,2.4,0,-0.04,-9.7,OK
178,29.71,9.85,-2.98,0.01,0,-0.07,-12.9,NEQ
184,105.64,7.03,-3.38,0.01,0,-1.19,-11.6,NEQ
199,6.5,13.23,-0.88,2.4,0,-1.19,-12.9,OK
207,6.2,13.33,-4.68,0.01,-4.3,-1.19,-14.9,NEQ
226,193.56,5.68,-3.38,0,-1.7,-0.03,-7.4,NEQ OLS
230,135.61,6.48,-1.68,0,0,-0.04,-8.2,OLS
242,43.99,8.98,-3.18,1.15,-0.5,-1.19,-11.7,NEQ
251,37.78,9.32,5.09,0,4.97,-0.04,-9.24,NEQ
269,1.89,15.97,-2.08,0.29,0,-0.03,-17.8,NEQ OLS
271,1.04,17.3,-1.58,1.15,0,-0.07,-17.8,NEQ OLS
294,4.7,13.94,-3.98,0,0,-0.07,-18,OK
301,157.04,6.15,-14.68,0.01,-4.6,-0.07,-16.3,OK
346,57.53,8.38,-0.88,0.01,0,-0.04,-9.3,NEQ OLS
349,43.22,9.02,-0.88,0.67,0,-0.07,-9.3,NEQ OLS
366,46.52,8.85,-7.18,1.73,0,-1.19,-15.5,OLS
370,0.77,17.98,-4.08,4.99,0,-0.03,-17.1,OLS
382,18.29,10.93,-4.88,1.15,0,-0.04,-14.7,NEQ
391,95.4,7.26,-3.28,0.67,0,-0.03,-9.9,NEQ OLS
394,78.52,7.69,-3.38,0.01,0,-0.07,-11.14,OLS
433,190.46,5.72,1.62,0.01,0,-0.04,-4.14,OK
470,7.45,12.92,-0.28,0.29,0,-0.03,-12.95,OK
492,53.31,8.55,-1.68,1.52,0,-1.19,-9.9,NEQ
508,51.07,8.65,-5.18,0,-1.1,-0.04,-12.77,NEQ
538,10.96,12.06,-1.08,2.4,0,-1.19,-11.94,OK
558,1.45,16.57,2.62,0,0,-1.19,-15.14,OK
574,13.66,11.58,-0.28,0,0,-0.04,-11.9,OK
593,28.99,9.9,-9.08,1.73,-0.2,-0.04,-17.1,OK
649,19.34,10.8,-8.68,3.17,0,-1.19,-17.51,NEQ
660,9.73,12.33,-4.58,0.01,-1.7,-1.19,-16.4,NEQ
670,89.43,7.4,-8.08,1.52,0,-0.04,-14,NEQ OLS
673,427.36,3.93,-6.18,0,0,-1.19,-11.3,OLS
698,39.61,9.21,-0.7,1.52,5.58,-0.03,-14,NEQ
705,14.49,11.44,-3.58,2.4,0,-0.07,-12.7,OK
717,41.16,9.13,-4.28,0,0,-1.19,-14.6,NEQ
757,101,7.13,0.02,0.01,0,-1.19,-8.3,NEQ
778,29.62,9.86,-0.28,0.67,0,-0.07,-9.54,NEQ
798,56.4,8.43,2.62,0,0,-1.19,-7,NEQ
804,50.26,8.68,1.72,0.01,0,-0.04,-7,NEQ
811,43.05,9.02,1.32,0,0,-0.03,-7.74,OK
817,1288.4,1.47,-4.58,0.29,0,-0.03,-5.8,OK
840,25.33,10.2,-1.68,1.73,0,-0.04,-10.2,NEQ
893,17.95,10.97,-6.28,1.52,-1.9,-0.07,-13.9,OLS
898,169.11,5.98,-9.78,0,-1.9,-0.03,-13.9,OLS
906,102.52,7.1,0.28,0.67,4.46,-1.19,-11.8,NEQ
912,23.05,10.41,-2.38,0.29,-0.5,-1.19,-13.2,NEQ OLS
915,16,11.22,3.52,0,5.6,-1.19,-14.5,NEQ OLS
923,14.85,11.39,-4.38,0.01,-0.9,-0.03,-14.9,NEQ
932,58.99,8.32,-3.28,0,0,-1.19,-12.8,NEQ
940,29.17,9.89,1.4,0.01,3.48,-0.03,-12,OLS
943,56.26,8.43,-3.68,0.01,-0.6,-1.19,-12.7,NEQ OLS
946,22.32,10.48,1.02,0,3.2,-0.03,-12.7,NEQ OLS
949,35.07,9.48,-4.78,0.01,0,-0.04,-14.3,OLS
1005,15.96,11.23,-3.18,0.01,0,-1.19,-15.6,NEQ
1012,14.88,11.38,-3.58,0,-3.3,-0.03,-11.7,OK
1018,67.52,8.03,-2.08,0,0,-1.19,-11.3,NEQ OLS
1021,40.2,9.18,-2.08,1.15,0,-1.19,-11.3,NEQ OLS
1024,69.04,7.98,-2.88,0,0,-0.04,-10.9,NEQ OLS
1134,96.38,7.23,1.12,0,0,-0.07,-6.19,NEQ
1164,189.48,5.73,-4.58,0.29,-0.4,-0.07,-9.7,NEQ
1204,2.86,15.05,-1.88,0.67,-1,-0.04,-15.3,NEQ OLS
1209,3.14,14.84,1.62,0,0,-0.07,-13.3,NEQ OLS
1213,8.14,12.73,0.12,0,-0.5,-1.19,-13.3,NEQ OLS
1219,68.75,7.98,-4.98,0,0,-0.03,-13,OLS
1222,1255.55,1.53,-8.78,0.01,0,-1.19,-11.5,NEQ OLS
1231,79.02,7.68,-5.48,0,-1.7,-0.04,-11.5,NEQ
1248,2.71,15.17,-4.38,1.52,0,-0.07,-18.1,NEQ
1259,6.62,13.18,-2.68,0,0,-0.03,-15.9,NEQ
1319,94.72,7.27,0.42,0.29,0,-0.03,-6.6,OK
1352,26.77,10.08,1.32,0.01,0,-0.04,-8.8,NEQ
1405,341.24,4.42,-0.48,0,0,-1.19,-6.1,NEQ
1420,86.46,7.48,1.62,0,0,-0.04,-5.9,NEQ
1446,269.43,4.95,-0.28,1.52,0,-1.19,-4.9,CDS NEQ
