Title:,nifE_cy,,,,,,,
Algorithm: ,ReverseRBS,,,,,,,
Submit Date: ,06/08/2015,CPU Time: ,0:05:7.75,,,,,
Organism: ,Cyanothece sp. ATCC 51142 (ACCTCCTTA)**,,,,,,,
mRNA sequence: ,ATGAAACTAACGAAGAGCAAAATTAACGATCTACTGACACAACCAGGATGTGAACATAATCATAATAAAGAAGGTCAAGGTAAAAATAAGTCTTGTACGCAAACCGCTAACCCAGGTTCTGCTCAAGGAGGTTGCGCTTTTGATGGGGCTTCTATTGCTTTAGTTCCTATCACCGATGCTGCTCATTTAGTCCATGGCCCGATTGGTTGTTCTGGTAATAGTTGGAATAGTCGCGGAAGTCTCTCCAGTGGACCAATGACTTATAAGATGGGTTTCACTACCGATCTATCAGAAAATGATATTATTTTTGGTGGAGAAAAAAAGCTTTATAAGGCGATCGCTCAATTAATAAAAAAGTATAATCCGGCTGCCGTTTTTGTTTATTCGACTTGTGTAACTGCTTTAATTGGTGATGATTTAGATGCAGTTTGTAAGGCAGCGACAAATAAGTATGAAACCCCAATTATCCCTGTTCATTCTCCTGGTTTTGTAGGTAGCAAGAACTTAGGAAATCGTCTCGGTGGCGAAGCTTTACTCGATCATGTAGTCGGTACAAAAGAACCTGAATATACCACCGCTTACGACATTAATTTAATCGGTGAATATAATGTTGCTGGTGAAATGTGGGGGGTTCTTCCTCTGTTTAAAAAGGCGGGAATTCGTGTTTTAGCCAAGATTACAGGGGACGCTCGTTACGAAGAGGTTTGCTCTGCTCATCGGGCTAAACTGAACGTGATGATCTGCTCGAAGGCTTTAATTAATATGGCCTCTGCCATGAAAGAACGCTACAACATTCCTTATATTGAGGAATCTTTCTATGGTGTCCAAGATATGAATCGTTGTTTACGGAATATTGCTCAATTTTTTGGCGATCAAGTATTAATAGAAAGAGTTGAAGAAATAATAGAAGAAGAAACCGCTAAGTTAGACATCGCTTTAGCCCCCTATCGGGAACGTCTCAAGGGTAAGCGCATGGTCCTCTACACCGGCGGTGTCAAAAGTTGGTCTATTGTTTCGGCAGCCCAAGACTTAGGGATGGAAGTGGTCGCCACTAGCACCAAAAAAAGCACAGAAGAGGATAAGGGACGCATTAAGAAACTTTTGGGCAAAGATGGCATTATGCTCGAAAAAGGCAGTCCAGAAGAGCTTTTACGGGTGGTTCAGAAGACAAAAGCTGACCTCTTGGTGGCCGGAGGACGGAACCAATATACAGCACTGAAAGCAAAAATTCCTTTCTTAGATATTAACCAGGAACGTCACCATCCTTACGCCGGTTACATTGGGTTAGTGGAAATGGCCAGGGAGTTAAGCGAAGCAGTTTATAGTCCCATTTGGACTCAAGTTCGTAAACCCTCCCCTTGGGAGATATGGCAACAGGAACATGAAAGTTTATTGAACTTAGAAGCAGAAGGCGAGTAA,,,,,,,
,,,,,,,,
Start Position,Translation Initiation Rate (au),dG_total (kcal/mol),dG_mRNA_rRNA (kcal/mol),dG_spacing (kcal/mol),dG_standby (kcal/mol),dG_start (kcal/mol),dG_mRNA (kcal/mol),Accuracy (warnings)
0,4278.68,-1.19,0,0,0,-1.19,0,LDS
33,201.98,5.59,0.62,0.01,0,-0.03,-5,NEQ
47,217.06,5.43,0.32,0.01,0,-1.19,-6.3,NEQ OLS
49,115.5,6.83,0.32,0.29,0,-0.07,-6.3,NEQ OLS
92,530.76,3.44,-7.58,3.17,0,-0.04,-7.9,OK
118,1.21,16.96,-0.08,0.67,0,-0.03,-16.4,NEQ
131,18.51,10.9,-3.18,1.52,0,-0.04,-12.6,NEQ
139,529.81,3.45,-15.38,0.67,-1.7,-0.04,-16.5,OLS
142,1973.91,0.53,-13.68,2.4,0,-1.19,-13,NEQ OLS
154,66,8.08,-6.38,0,-0.1,-0.04,-14.4,NEQ
175,34.38,9.52,2.36,0,5.84,-1.19,-14.2,OLS
178,38.51,9.27,-2.48,0.29,-1,-0.03,-10.5,OLS
193,10.67,12.13,0.32,0,0,-1.19,-13,NEQ
202,13.63,11.58,-1.68,0.01,0,-0.04,-13.3,NEQ OLS
206,28.07,9.98,-3.28,0,0,-0.04,-13.3,NEQ OLS
211,231.18,5.29,-6.28,0.01,0,-0.03,-11.6,NEQ OLS
221,7.61,12.88,-7.18,0,-2,-0.04,-18.1,NEQ
247,43.22,9.02,-1.98,0.67,3.6,-0.07,-14,NEQ
255,14.45,11.45,-6.88,1.52,-2.6,-1.19,-15.4,NEQ
267,166.09,6.03,-3.78,0,0,-1.19,-11,OK
295,5.55,13.58,-1.28,1.15,-0.9,-1.19,-14,NEQ
307,13.06,11.68,3.32,0,5,-0.04,-13.4,NEQ OLS
310,44.65,8.94,-1.08,0,0,-0.07,-10.1,NEQ OLS
367,303.57,4.68,-2.28,0,0,-0.03,-7,NEQ
376,601.5,3.17,-1.68,0,0,-0.04,-4.89,NEQ
389,254.64,5.08,1.02,0,-0.6,-0.04,-3.5,NEQ OLS
391,180.17,5.84,1.02,0,-0.6,-0.07,-4.3,NEQ OLS
397,38.21,9.29,-0.08,0.01,0,-0.03,-9.4,NEQ
406,24.52,10.28,6.79,0,6.37,-0.04,-9.9,NEQ OLS
409,9.29,12.43,0.42,0.29,0,-0.07,-11.8,NEQ OLS
412,10.2,12.23,1.62,0,0,-1.19,-11.8,NEQ OLS
421,19.15,10.83,-1.38,0,0,-1.19,-13.4,NEQ
428,36.77,9.38,0.02,0,0,-0.04,-9.4,NEQ
451,5246.26,-1.65,-5.68,1.73,0,-1.19,-3.5,NEQ
469,198.67,5.63,-1.48,1.15,0,-0.03,-5.99,NEQ
481,26.1,10.14,-0.08,1.15,0,-0.03,-9.1,NEQ
487,9.15,12.47,2.62,0,0,-0.04,-9.89,NEQ
520,313.11,4.62,-7.98,0.67,0,-0.07,-12,OK
541,208,5.52,-2.88,0,-0.6,-1.19,-9,OK
562,854.67,2.38,-4.78,2.4,0,-0.03,-4.8,NEQ
598,0.46,19.1,1.32,1.15,0,-0.07,-16.7,NEQ
607,85.63,7.5,-8.88,0.67,0,-1.19,-16.9,NEQ OLS
610,10.91,12.08,-5.78,0,0,-0.04,-17.9,NEQ OLS
613,8.47,12.64,-1.38,1.15,0,-0.03,-12.9,OLS
616,8.07,12.74,-0.08,0,0,-0.07,-12.9,OLS
621,157,6.15,-0.77,1.52,5.61,-1.19,-12.2,OLS
623,120.16,6.74,-5.58,0,-0.2,-0.07,-12.2,OLS
639,577.25,3.26,-11.88,0.67,0,-0.03,-14.5,NEQ
661,55.41,8.46,-11.88,0,0,-0.07,-20.42,NEQ
704,0.87,17.7,-0.38,1.52,-0.1,-0.04,-16.5,NEQ OLS
709,24.42,10.28,-7.98,0,0,-0.03,-18.3,NEQ OLS
726,85.89,7.49,-5.28,0.01,0,-0.03,-12.8,NEQ
732,186.61,5.77,-5.18,0.67,0,-0.07,-10.35,NEQ OLS
735,43.05,9.03,-5.08,0,-3.9,-1.19,-11.4,OLS
740,181.9,5.82,-0.58,0.29,5.8,-0.03,-11.95,NEQ OLS
762,678.76,2.9,-4.18,0.67,0,-1.19,-7.6,NEQ
769,75.63,7.77,0.32,0.29,-0.1,-0.03,-7.1,NEQ OLS
774,389.64,4.13,0.8,0.01,6.08,-1.19,-10.6,NEQ OLS
802,2.16,15.68,1.32,0,0,-0.04,-14.4,NEQ
817,767.15,2.62,-8.28,0,0,-1.19,-12.1,NEQ OLS
820,361.61,4.3,-8.28,1.15,0,-0.07,-11.5,NEQ OLS
831,25.22,10.21,-1.98,0.29,0,-1.19,-13.1,NEQ
839,98.96,7.18,-4.08,0,-1.8,-0.04,-9.5,NEQ
853,78.14,7.7,-4.78,1.52,-2.7,-0.04,-8.3,OK
865,106.74,7.01,-3.58,4.03,0,-0.04,-6.6,NEQ
892,380.88,4.18,0.02,0.01,0,-0.04,-4.2,NEQ
972,426.33,3.93,-7.58,0.01,0,-1.19,-12.7,OK
991,1.18,17.01,-1.68,3.17,0,-0.07,-15.6,NEQ
1001,217.33,5.43,-9.18,1.15,0,-0.04,-13.5,NEQ
1009,360.91,4.3,-8.48,1.52,0,-0.04,-11.3,OK
1035,16.69,11.13,-2.28,0.01,-1.4,-1.19,-13.2,NEQ
1041,131.48,6.54,-4.68,0,-1.4,-0.07,-9.9,NEQ
1101,340.86,4.43,-7.18,4.03,0,-0.04,-7.62,NEQ
1111,95.69,7.25,-3.28,0.01,0,-1.19,-11.72,NEQ
1119,55.52,8.46,-3.88,1.52,0,-1.19,-12.01,NEQ
1155,392.12,4.12,-4.34,0.67,4.54,-0.07,-12.4,NEQ
1174,19.08,10.83,-8.58,6.05,0,-0.03,-13.4,OK
1182,4.46,14.06,0.02,0.29,0,-0.04,-13.8,NEQ OLS
1185,3.45,14.63,-0.88,0.29,0,-0.07,-15.3,NEQ OLS
1215,170.03,5.97,-6.68,0.29,-2.5,-0.03,-9.9,OK
1279,41.98,9.08,-4.58,0.01,0,-0.04,-13.7,NEQ
1287,11.97,11.87,2.68,1.52,5.96,-0.07,-13.7,NEQ
1293,75.49,7.78,-4.98,1.15,0,-1.19,-12.8,NEQ
1331,19.41,10.8,-7.08,0,-1.6,-0.04,-16.32,NEQ
1358,14.78,11.4,-4.28,1.52,0,-0.04,-14.2,NEQ
1367,55.77,8.45,-5.98,1.52,0,-1.19,-14.1,NEQ
1381,1657.65,0.91,-7.08,0.29,0,-1.19,-8.9,NEQ
1392,2765.79,-0.22,-5.18,2.4,0,-0.04,-2.6,CDS NEQ
