Title:,nifN_cy,,,,,,,
Algorithm: ,ReverseRBS,,,,,,,
Submit Date: ,06/08/2015,CPU Time: ,0:05:5.38,,,,,
Organism: ,Cyanothece sp. ATCC 51142 (ACCTCCTTA)**,,,,,,,
mRNA sequence: ,ATGACCACTATCTTAAACCCCAACAAGTCCCTATCTGTCAACCCGTTAAAAATGAGTCAACCCCTTGGCGCGGCCTTAGCGTTTCTAGGGTTGCGGAAGATGATGCCTCTGTTTCATGGTTCCCAAGGATGCACAGCTTTTGCTAAAGTAGTCCTCGTGCGTCATTTTCGTGAGTCTATCCCTTTGTCGACGACTGCCATGACGGAAGTTAGCACTATTTTGGGGGGAGAGGATAATGTAGAACAGGCGATCTTAACAATCTTAGAAAAATATCAACCTCAGATCATTGGCCTGTTAACCACTGGGTTAACAGAGACGAGAGGAGATGATATGAAGCGTATCTTAAAGACGTTTCGAGATAAACATCCAGAACTCGATAGTTTCCCTGTTGTTTCTGTTTCTACTCCTGATTATAAGGGATCGTTGCAAGATGGTTACACTGCAGCCGTAGAAAGTATCGTCGCTGCTGACTATGGTAATGTACCTGATGACGAACCCCCAACCGTGGGAATGAAACCCCAAGTCACGGTATTGTGTGCCTCTCATTTGTCTCCTGGGGACGTAGAAGAACTGAAAACCGTCATTGAAGGGTTTGGTATCTCCCCTATTATGGTTCCTGACTTGTCTCGGTCTTTAGATGGTCATTTAGAAGATGATTATCACACAGTCACCACCGGAGGCACTAGCTTAACTCAATTAAAACAGTTAAACCGCTCTTGTTTAACTTTAGCTATTGGGGAAAGTATGCGTAAAGCTGCCACAATTTTACAAGAACGTTTCGGCACAAAATATAAAGTGTTTCCCCGTTTAGCTGGGTTAGATGCTGTTGATTCATTTTTATGGGAATTGTCCCAAATTTTAACCTCTCGTTGCGATCATCATTTTCCCATTGTGCCAAATGTTCCGGCTCATTTGCAACGACAACGCCGGCAGTTACAAGATGTTATTTTAGACACTCACTTCTATTTTGGTGGTAAAAAAGTGGCTCTAGCGTTAGAACCCGATTTACTCTATCAAACCGCTTGGTTATTAACAGAAATGGGGGCTAATATTCAAGCTGCTGTCACCACAACTAAGTCCCCCATCTTGGAAGATTTACCCATCGATAGTGTTACTATTGGTGACTTAGAAGACTTAGAAGAATTAGCAGTCGGTTCTGATTTAATTATTACGAATTCCCACGGTACTTCCTTAGCTAAACGTCTCAAAGCCCCATTATATAGAATGGGTTATCCTATCTTTGATCAACTGGGTTTAGGACAACGCTGTTTAGTGGGATATCGTGGCACCATGAAATTTTTATTTGATGTTGGCAATATTCTCCTAGAAGAAGAAGCCAAACATAGTCCCGTTGCTCTACATTAA,,,,,,,
,,,,,,,,
Start Position,Translation Initiation Rate (au),dG_total (kcal/mol),dG_mRNA_rRNA (kcal/mol),dG_spacing (kcal/mol),dG_standby (kcal/mol),dG_start (kcal/mol),dG_mRNA (kcal/mol),Accuracy (warnings)
0,4278.68,-1.19,0,0,0,-1.19,0,LDS
34,1701.53,0.85,2.72,0,4.5,-0.03,-2.67,NEQ
51,612.57,3.13,-4.18,0,0,-1.19,-8.5,NEQ
64,2.36,15.47,3.83,0.29,6.91,-0.04,-18.31,NEQ
90,1.17,17.03,-2.78,1.15,0,-0.04,-18.7,OK
99,69,7.98,-9.58,1.15,0,-1.19,-17.6,OLS
102,26.81,10.08,-7.98,1.15,0,-1.19,-18.1,OLS
108,26.1,10.14,-7.88,1.15,0,-0.03,-16.9,NEQ
115,31.07,9.75,-5.88,1.52,-2.7,-1.19,-12.6,NEQ
128,13.65,11.58,-4.48,1.15,-0.4,-1.19,-15.7,OK
139,24.83,10.25,-6.88,0.67,0,-0.04,-16.5,NEQ
156,22.68,10.45,-1.98,0.01,-0.5,-0.07,-12,OK
169,12.65,11.75,-1.48,0.67,0,-0.07,-12.63,NEQ
183,174.85,5.91,-5.88,0.01,0,-0.04,-11.83,NEQ
193,4.36,14.11,-0.78,0.29,0,-0.03,-14.64,NEQ OLS
198,3.72,14.46,-0.28,0,0,-1.19,-15.94,NEQ OLS
219,38.46,9.28,-4.78,2.4,0,-0.04,-11.7,NEQ
235,9657.9,-3,-12.78,0.67,0,-1.19,-10.3,NEQ
286,3.7,14.48,1.72,0.01,0,-0.04,-12.8,NEQ OLS
291,1.64,16.28,-0.28,0,0,-0.03,-16.6,NEQ OLS
301,0.3,20.06,-1.68,0.67,0,-0.03,-21.1,NEQ
325,483.66,3.65,-13.68,1.52,0,-1.19,-17,NEQ OLS
330,3349.53,-0.65,-12.08,1.52,0,-1.19,-11.1,NEQ OLS
385,123.12,6.69,0.54,0.01,4.32,-0.03,-10.5,OLS
388,84.16,7.54,-2.92,0,0,-0.04,-10.5,OLS
394,30.58,9.78,-0.68,0,0,-0.03,-10.5,OK
406,76.18,7.76,-2.68,1.15,0,-0.03,-9.32,NEQ
423,50.26,8.68,-4.78,0.01,0,-0.04,-13.5,NEQ
430,108.21,6.98,-6.48,1.15,0,-1.19,-13.5,NEQ
439,193.09,5.69,-8.68,0.01,0,-0.03,-14.4,NEQ
463,14.96,11.37,-3.08,0.29,0,-0.03,-14.2,NEQ OLS
466,11.95,11.87,-2.58,0.29,0,-0.03,-14.2,NEQ OLS
472,16.73,11.13,0.12,0,0,-1.19,-12.2,NEQ
478,45.03,8.93,-5.58,0,-1.9,-1.19,-13.8,OK
484,280.96,4.86,-2.08,0.67,3.1,-0.03,-9.4,NEQ OLS
487,489.13,3.63,-5.68,0,-0.4,-1.19,-10.1,NEQ OLS
504,11,12.06,-2.18,0.67,-0.6,-0.07,-13.04,NEQ
510,30.78,9.77,-2.08,0.01,0,-1.19,-13.04,NEQ
531,133.31,6.51,-7.78,0.29,-0.7,-0.04,-13.35,NEQ OLS
533,349.92,4.37,-8.98,1.52,0,-0.07,-11.9,OLS
535,282.57,4.84,-8.18,0,0,-0.07,-13.1,OLS
546,5.58,13.56,1.32,0.29,0,-0.04,-12,NEQ
553,9.82,12.31,-2.08,1.52,0,-0.03,-12.9,NEQ
570,865.51,2.36,-9.38,0.67,0,-0.03,-11.1,NEQ
583,33.79,9.56,-3.08,0.29,0,-0.04,-12.4,NEQ
592,17.9,10.98,0.52,0,-1.1,-0.04,-9.4,NEQ
609,60.83,8.26,-8.48,4.03,0,-1.19,-13.9,NEQ
616,78.69,7.68,-1.28,0,0,-0.03,-9,NEQ OLS
621,1191.06,1.65,-1.3,0.67,6.08,-0.04,-8.4,OLS
637,74.28,7.81,-3.78,0.29,0,-1.19,-12.5,NEQ
652,9.32,12.42,-5.48,2.4,0,-1.19,-16.7,NEQ
716,3.11,14.86,0.02,0.29,0,-0.04,-14.6,NEQ
733,21.19,10.6,0.42,1.52,0,-0.04,-8.7,OK
744,503.58,3.56,-5.28,0.01,0,-1.19,-10.03,NEQ
754,528.51,3.45,-6.68,3.17,0,-0.03,-7,OK
795,60.41,8.27,-1.68,1.73,0,-0.07,-8.3,NEQ
811,23.29,10.39,-1.88,0.01,0,-0.03,-12.3,NEQ
820,693.27,2.85,-10.28,1.52,0,-1.19,-12.8,NEQ OLS
823,717.73,2.77,-10.28,0.29,0,-0.03,-12.8,NEQ OLS
826,41.56,9.1,-5.38,1.73,0,-0.04,-12.8,NEQ OLS
839,60.66,8.26,-3.68,0.29,0,-1.19,-12.85,NEQ
846,31.41,9.73,-0.18,0,0,-0.04,-9.95,NEQ
869,222.48,5.38,-2.78,0,0,-0.04,-8.2,NEQ
889,1.69,16.22,1.32,1.15,0,-0.04,-13.79,NEQ OLS
891,1.6,16.34,2.62,0.01,0,-0.07,-13.79,NEQ OLS
898,9.36,12.41,-0.18,0,0,-1.19,-13.79,NEQ
912,72.05,7.88,-1.78,0.01,0,-0.04,-9.7,NEQ
940,1724.61,0.82,-6.38,0,-1.4,-1.19,-7,NEQ
967,44.02,8.98,-0.28,0,0,-0.04,-9.3,NEQ OLS
970,16.55,11.15,1.92,0.01,0,-0.07,-9.3,NEQ OLS
981,1501.93,1.13,-6.98,0.29,0,-0.07,-7.9,NEQ
1022,2.5,15.35,1.32,0.67,0,-0.04,-13.4,NEQ
1038,94.54,7.28,-1.68,1.15,0,-1.19,-9,NEQ
1057,263.09,5,-8.98,3.17,0,-0.03,-10.85,NEQ OLS
1060,135.16,6.48,-3.11,6.05,7.27,-0.03,-10.85,NEQ OLS
1086,536.21,3.42,-0.81,0.01,5.87,-0.04,-10.14,NEQ
1108,17.35,11.04,-1.98,0,0,-0.07,-13.1,OK
1117,17.9,10.98,-2.18,0,-1,-0.04,-12.2,NEQ OLS
1120,25.41,10.2,-1.18,1.15,0,-0.07,-10.3,NEQ OLS
1156,290.82,4.78,-0.98,0.01,0,-0.03,-5.79,NEQ
1224,4.4,14.09,-0.88,1.73,0,-1.19,-14.44,NEQ
1240,86.26,7.48,1.52,0.01,5.4,-0.04,-11.4,NEQ
1248,23.29,10.39,-1.98,0.01,-0.7,-0.03,-11.7,NEQ
1265,277.44,4.88,-7.18,0,0,-0.03,-12.1,NEQ
1272,186.1,5.77,-5.18,1.73,0,-0.07,-9.3,OK
1282,337.5,4.45,-5.68,0.01,-0.8,-0.07,-9.4,NEQ
1290,55.69,8.45,-5.68,1.73,-0.5,-1.19,-13.1,NEQ
1303,4.04,14.28,-2.18,0.01,-0.7,-0.04,-15.8,NEQ OLS
1306,19.15,10.82,-3.18,0,-1.7,-1.19,-13.5,OLS
1309,15.6,11.28,-3.18,0.01,0,-0.04,-14.5,NEQ OLS
1351,1404.75,1.28,-0.08,0.01,0,-0.04,-1.4,CDS NEQ
