Title:,nifX_cy,,,,,,,
Algorithm: ,ReverseRBS,,,,,,,
Submit Date: ,06/08/2015,CPU Time: ,0:01:18.14,,,,,
Organism: ,Cyanothece sp. ATCC 51142 (ACCTCCTTA)**,,,,,,,
mRNA sequence: ,ATGAAAGTTGCATTTACTACTAGCGATAATGTCCATGTTAACGCTCACTTTGGTTGGGCGAAGAATATCGACTTATATGATGTGTCTCCTGACGGCTTCAATTTTGTCAATACCTTAGAGTTTGGTGGCGACTTAAAAGAAGATGGAAACGAAGACAAATTAGTCCCCAAATTAGAGGCATTAGATGGCTGTACTTTACTCTATGTTTCTGCGATCGGTGGCAGTGCAGCAGCCCGTTTAATCCGTCAAAATGTGACCCCCATTAAAGCGAGAACGGATCAAGATAAAATTGATGAAATTCTCGGCGAATTAGTGAAAACTTTAAAAGGAAATCCGCCTCCTTGGTTAAGAAAAGTTCTACAAAAAGAAGCTGGACTTGAACCAACCCCTAACTTTTTAGCAGAGGATGAATAA,,,,,,,
,,,,,,,,
Start Position,Translation Initiation Rate (au),dG_total (kcal/mol),dG_mRNA_rRNA (kcal/mol),dG_spacing (kcal/mol),dG_standby (kcal/mol),dG_start (kcal/mol),dG_mRNA (kcal/mol),Accuracy (warnings)
0,1160.11,1.71,0,0,0,-1.19,-2.9,NEQ LDS
7,212.69,5.48,2.62,0,0,-0.04,-2.9,OK
28,47.11,8.82,4.28,0,5.16,-1.19,-10.9,NEQ
34,47.11,8.83,-1.38,0,0,-1.19,-11.4,OK
49,1.44,16.58,1.62,0,0,-0.04,-15,NEQ OLS
53,7.53,12.9,-2.58,1.52,0,-0.04,-14,NEQ OLS
76,105.9,7.02,-4.48,0,0,-1.19,-12.7,NEQ OLS
79,67.52,8.02,-1.98,0,0,-1.19,-11.2,NEQ OLS
81,30.15,9.82,-1.98,0.67,0,-0.07,-11.2,NEQ OLS
88,117.98,6.78,-3.78,0,-1,-0.03,-9.6,NEQ
103,72.05,7.88,-1.78,0.01,0,-0.04,-9.7,OK
121,14.29,11.48,-0.78,0,0,-0.04,-12.3,NEQ OLS
124,114.6,6.85,-3.38,0.01,0,-0.07,-10.3,NEQ OLS
142,42.25,9.07,-5.28,4.99,0,-1.19,-10.55,NEQ
184,1506.8,1.13,-6.88,0,0,-1.19,-9.2,NEQ OLS
188,182.72,5.81,-1.88,1.73,6,-0.03,-12,NEQ OLS
202,5.43,13.63,-4.38,2.4,0,-1.19,-16.8,NEQ
208,0.34,19.79,1.52,0.01,0,-0.03,-18.3,NEQ
217,1.46,16.54,1.62,0,0,-0.07,-15,NEQ
223,83.63,7.55,-4.78,0.01,0,-0.07,-12.4,NEQ
250,553.49,3.35,-4.28,0.01,0,-1.19,-8.82,NEQ OLS
252,173.17,5.93,-2.28,0.29,0,-0.07,-8,NEQ OLS
289,73.8,7.83,-4.68,1.15,0,-0.04,-11.4,NEQ OLS
292,61.56,8.23,-1.98,0.01,0,-1.19,-11.4,NEQ OLS
312,764.66,2.63,-4.58,0.29,0,-0.07,-7,OK
341,1646.87,0.93,-7.18,1.15,0,-0.04,-7,NEQ
370,41.91,9.08,-2.58,2.4,0,-0.03,-9.3,NEQ
376,62.95,8.18,-1.88,0.01,0,-0.04,-10.1,NEQ
406,2952.53,-0.37,-0.08,0.01,0,-1.19,-0.9,CDS
