Title:,nifZ_ec,,,,,,,
Algorithm: ,ReverseRBS,,,,,,,
Submit Date: ,06/08/2015,CPU Time: ,0:00:49.23,,,,,
Organism: ,Escherichia coli 536 (ACCTCCTTA),,,,,,,
mRNA sequence: ,TTAAACCTGAGACTCTTGTAGAGAAGGTTCTTCGACAAATTCTTCCATATCTTCGTCATCGCCATCATCGATGAATGTCTCGTCTGCGGGAATTAATTCCTTGCGACGACAACCGACAACGTAACCTTTTTCGAGAAAATGAACTGCGTAGATGTAATAACTTTGCAGATAAGTTCCAATACCTACCACATAGCCCACATCGCCTTTTTTCGCTAAGGTTTCGCCCACTTCTTTACCCGGAAACGTCCCATCATTGCGAATCATTCTCCGAAGACGAACCTTTGCCTCCATTTCAAAAGCTGGGGGATCATTAAGTTCAATTTCACCTGGATTATACAATCCCAT,,,,,,,
,,,,,,,,
Start Position,Translation Initiation Rate (au),dG_total (kcal/mol),dG_mRNA_rRNA (kcal/mol),dG_spacing (kcal/mol),dG_standby (kcal/mol),dG_start (kcal/mol),dG_mRNA (kcal/mol),Accuracy (warnings)
6,94.21,7.28,1.22,0,0,-0.03,-6.1,NEQ
15,135.61,6.48,0.42,0,0,-0.04,-6.1,OK
70,88.45,7.43,-1.28,0,0,-1.19,-9.9,NEQ OLS
74,0.82,17.83,2.62,0.01,0,-1.19,-16.4,OLS
83,0.61,18.48,-4.58,0,-4.5,-0.03,-18.6,NEQ
100,24.66,10.26,-6.08,0.29,0,-0.04,-16.1,NEQ
138,333.35,4.48,0.42,1.15,0,-1.19,-4.1,OLS
143,349.33,4.37,-2.88,0.29,0,-0.03,-7,OLS
151,182.72,5.81,-0.28,0.29,0,-1.19,-7,OK
162,150.26,6.25,-1.38,0.67,0,-0.04,-7,OK
253,183.5,5.8,-3.58,1.73,0,-0.04,-7.7,NEQ
281,82.46,7.58,-0.28,0.01,0,-0.04,-7.9,OK
299,8.64,12.59,0.82,0.29,0,-0.03,-11.52,NEQ
326,162.54,6.07,-2.18,0.29,0,-0.03,-8,CDS NEQ
