Title:,cce_0551_cy,,,,,,,
Algorithm: ,ReverseRBS,,,,,,,
Submit Date: ,06/15/2015,CPU Time: ,0:05:22.93,,,,,
Organism: ,Cyanothece sp. ATCC 51142 (ACCTCCTTA)**,,,,,,,
mRNA sequence: ,CATCGGGATCGGATCCCCCGGTTGCCGTTGGTTGTTGATTACAACCGCCAGATCGTCCCGTGATAGGGCCATTTCTTGTTGTAAAAATTGACTGAATTCTGTAGAAATTGAATTGTTTTCCATGACAGCACTGAAACGTTCAGTTATCAACAGTGTTAGGTACTATGGCACTCAAGAAGATCGACTTTCTTGGCCATAGCACGATAACCGAGAAAACCACAAAGAGGCTTAAGAGGAATAAGAAAGCAAACTTTACGAATAATAATAATTAACCTTAATTGAGGGTAAAACCCCAGATAAGGGCAATTGATTACTAAATTTTCCCAGTATAGTACAGGTGGTCTAGGCTAAGAGATAAGGCAAAACATCACAGTCCCACTGTTGCTTCTCTTGGTGAGCATTTCCTTGCGCCCTTCGAGTCCGCCACTTGGGATACCCCAAGACCGCAGTGGACTCACCGTAAGATGGTGCGGGGTTTCACCGCTATTGCCTATTTTGATAAGACTTAATAGACTCAGAATCAACAGTATCCCAACATCGCTCCAGCCAGTCTACCAACTCTTGACGAGGAGCGATCGCCCCATAGATAGCACTGCGGAGTAAAATAGCATGGAGGCCATGTTCTATTTCTACCCACAAGGAGCCATCTTCAGGACACCAGCAGGGAATGGTTAATTCTTGGAGACGTTGGTAAACACTCCAACGATCGCAACGAGAAACTTTCTCAACTTGACTGATTAGAGCATCAGAATGGTAAGGTTGCATCATAATTGTAAAGTAAAGGTCAAGGTAGTTTTTGTATCTTTTGTTCCAATTCTTCAATTCGGTCTAGTAAACTCC,,,,,,,
,,,,,,,,
Start Position,Translation Initiation Rate (au),dG_total (kcal/mol),dG_mRNA_rRNA (kcal/mol),dG_spacing (kcal/mol),dG_standby (kcal/mol),dG_start (kcal/mol),dG_mRNA (kcal/mol),Accuracy (warnings)
21,4.74,13.93,-5.68,1.15,0,-0.04,-18.5,OK
27,0.8,17.88,-8.38,0,-4.9,-0.04,-21.4,NEQ OLS
31,1.42,16.6,-8.28,1.52,-1.1,-0.04,-22.3,NEQ OLS
34,5.34,13.66,-11.88,0.29,-1.1,-0.04,-24.2,OLS
59,69.85,7.95,-7.28,0.01,-1.1,-0.07,-14.2,NEQ
75,398.41,4.08,-4.28,0.01,0,-0.04,-8.4,NEQ OLS
78,902.68,2.26,-5.18,0.29,0,-0.04,-7.2,NEQ OLS
87,1472.94,1.18,-3.48,0,0,-0.04,-4.7,NEQ OLS
91,652.42,2.98,-1.78,0,0,-0.03,-4.8,NEQ OLS
98,96.55,7.23,-0.28,0.01,0,-0.03,-7.54,NEQ
107,51.76,8.62,-0.08,0,0,-0.04,-8.74,NEQ OLS
112,118.2,6.78,-3.28,0.01,0,-0.04,-10.1,NEQ OLS
121,25.09,10.23,-0.38,0,-0.3,-1.19,-11.5,NEQ
130,6.93,13.08,1.62,0,0,-0.03,-11.5,NEQ
152,34,9.55,0.02,0.01,0,-0.07,-9.6,NEQ
164,33.99,9.55,-7.98,1.52,0,-1.19,-17.2,NEQ
189,1.1,17.18,-0.88,0,0,-0.04,-18.1,NEQ
278,3.38,14.68,0.42,0.01,0,-0.04,-14.3,NEQ
306,167.93,6,-4.47,1.52,3.51,-0.04,-12.5,NEQ
337,225.09,5.35,-0.08,0.01,0,-0.07,-5.5,OK
378,2.44,15.4,-1.38,0.01,0,-0.03,-16.81,NEQ OLS
381,1.97,15.87,-1.18,0.29,0,-0.04,-16.81,NEQ OLS
390,18.2,10.94,-1.98,1.15,0,-0.04,-11.81,OLS
393,13.21,11.65,-1.59,0.01,-2.01,-0.07,-11.3,NEQ OLS
405,16.36,11.18,-2.78,0,5.8,-0.04,-19.8,NEQ
427,1.98,15.86,-8.48,0.29,-0.4,-0.04,-23.7,NEQ
448,1.06,17.25,-1.17,0.01,5.21,-0.07,-23.7,NEQ
464,28.05,9.98,-6.08,1.15,0,-1.19,-16.1,NEQ OLS
467,4.99,13.81,-3.58,3.17,0,-0.07,-14.3,NEQ OLS
486,177.65,5.88,-11.18,2.4,-4.2,-0.04,-10.5,NEQ
495,169.83,5.98,-3.98,0,0,-0.04,-10,NEQ
561,4.07,14.26,0.02,0.29,0,-0.04,-14,NEQ
592,54.76,8.49,-5.68,0.01,-0.5,-0.03,-13.7,NEQ
609,134.3,6.5,-6.18,0.67,0,-1.19,-13.2,NEQ
618,4.14,14.23,-1.78,0.01,0,-1.19,-17.2,NEQ
667,11.02,12.05,-0.08,1.73,5.9,-1.19,-17.5,NEQ
678,14.37,11.46,-7.98,0.29,0,-0.04,-19.2,NEQ
687,8.31,12.68,-4.28,0.01,0,-0.04,-17,NEQ
729,32.83,9.63,-1.28,1.15,0,-0.04,-9.8,NEQ OLS
733,4.82,13.89,9.53,0.01,7.21,-0.03,-11.6,NEQ OLS
750,570.01,3.29,-2.88,0,0,-1.19,-7.36,NEQ
759,154.84,6.18,-3.38,0.01,0,-0.04,-9.6,NEQ
770,1491.62,1.15,0.79,0.67,7.27,-0.04,-7,NEQ
796,2765.79,-0.22,-7.58,0,0,-0.04,-7.4,NEQ
805,832.44,2.44,-6.08,3.17,0,-0.04,-5.4,CDS NEQ
