Title:,cce_0567_sy,,,,,,,
Algorithm: ,ReverseRBS,,,,,,,
Submit Date: ,06/15/2015,CPU Time: ,0:03:31.05,,,,,
Organism: ,Synechocystis sp. PCC 6803 (ACCTCCTTT)**,,,,,,,
mRNA sequence: ,ATTTTCGGGCGATCGCAGCTTTAATAGAAAAAGAAACAGGGTTATTATGTCAAGTTGTTGTTGACCTCAACCATGAAGGCTTTGGCTGGGCTTTAGTTTGGGGCGGAAAATTAATGGTAGTTTCTCGTAGTTTACGGGATGCTCATCGCTTCGGTTTTGACACCTTAGAAAAGTTAAACGACCAAGGAACTAAACTTGCCAATGCGGGCATTGAATTAGTTAACAAGTTTCCTGAAGTTGCGAGACTTTAATGTAAAGGAATAGGGAACGGGGAACCAGGAACAGTTAGTTCTTACTTATCCCTGAAATAAACAATTAAACCGAGGTAAAACGATGACAGTCGCTACTGATAATAATCCCACTCCAGAAGCCGTTGCGGATCTCAAAAAGAAGGTTCGTAAACTCAATTCTAAAGCCGGTCAAATGAAGATGGACTTACACGATCTCGCTGAGGGACTGCCTACCGACTACGAAAACCTAGTGGAAACGGCAGAAAAAACTTACGAAATATTCCGTGAGTTAGATCAACTAAAGAAAAAACTAAACATCTGGGAGGAAACCCTAAAATGACTATTACTGCTGATACCCCAAGAACCCTGGCTGAGTTCACCAAACTCATTGATACAGAAGACTATTTAAACTTCTTTGGTATTAGTTATGACCCTACTTTTGTTAACGTTAACCGTCTCCATATTCTTAAGCAGTTCTCTTTACTTATCGCCCAAGTCGACAAAGCCTTCCCCGATCTCAGTGAAAGTGAAAAATTAGAAAAATATCAATTAGCTTTTTCAGAAGCTTACGAACTTTTTAAAACCTCCAGTCCTTTAGAAACCAAACTCTTTAAAGTGTTTAAAGATGTTCCTAGTAACGTGGTTTTATTGGATGATTTAACCAAAGAAGCTGGCATTATGCAATAGAAGAAGCAGGGAGAAGGGAGCAAAGGGAGCAGGGAGAAATGTA,,,,,,,
,,,,,,,,
Start Position,Translation Initiation Rate (au),dG_total (kcal/mol),dG_mRNA_rRNA (kcal/mol),dG_spacing (kcal/mol),dG_standby (kcal/mol),dG_start (kcal/mol),dG_mRNA (kcal/mol),Accuracy (warnings)
46,1469.75,1.18,-5.78,0.01,0,-1.19,-8.15,NEQ
54,78.03,7.7,-5.08,1.73,0,-0.04,-11.1,NEQ OLS
57,37.91,9.31,-0.5,4.03,6.18,-0.04,-12,NEQ OLS
60,55.13,8.48,-3.48,0,0,-0.04,-12,NEQ OLS
72,23.98,10.32,-1.68,0,0,-1.19,-13.2,NEQ
81,5.55,13.58,-0.28,0,0,-0.04,-13.9,NEQ OLS
85,43.64,8.99,-5.88,0,-0.9,-0.03,-14.01,NEQ OLS
97,16.44,11.16,-4.58,0.29,0,-0.04,-15.5,NEQ
113,182.72,5.81,-9.88,0.29,-1.6,-1.19,-15,OK
138,31.42,9.72,-0.68,0,0,-1.19,-11.6,OK
156,82.46,7.58,-3.58,0.01,0,-0.04,-11.2,NEQ
195,653.63,2.98,-6.08,0.01,0,-0.04,-9.1,NEQ
201,272.48,4.93,-6.08,2.4,0,-1.19,-9.8,NEQ
210,8.33,12.68,-0.28,0,0,-0.04,-13,NEQ
231,148.95,6.27,-4.28,0.67,0,-0.03,-9.91,OK
237,55.13,8.48,-0.88,0,0,-0.04,-9.4,NEQ
250,237.5,5.23,-5.18,0.01,0,-1.19,-11.6,NEQ
302,29.17,9.89,-2.58,0.01,-0.6,-0.03,-11.9,NEQ
333,32320.34,-5.69,-7.88,0.29,0,-1.19,-3.1,OK
346,164.61,6.04,-0.28,0,0,-0.03,-6.36,NEQ
373,12.12,11.84,0.02,0.01,0,-0.04,-11.86,OK
423,2233.97,0.25,-8.18,1.52,-0.5,-1.19,-7.6,NEQ
429,724.2,2.75,-6.28,1.73,0,-1.19,-8.5,NEQ
448,117.45,6.79,-0.98,0,0,-0.03,-7.81,NEQ
456,57.29,8.39,-0.38,0.01,0,-0.03,-8.8,OK
480,27.15,10.05,-3.88,0.01,0,-0.07,-14,NEQ
514,100.37,7.14,-0.98,0,0,-0.07,-8.2,OK
548,250.38,5.11,-1.78,1.73,0,-0.03,-5.2,OK
566,27734.62,-5.35,-11.08,1.73,0,-1.19,-5.2,OK
576,807.92,2.51,-2.08,1.52,3.7,-0.03,-6.8,OLS
579,2530.63,-0.03,-7.38,0.29,0,-0.03,-7.1,OLS
596,148.55,6.27,1.32,0.29,0,-0.03,-4.7,OLS
600,346.62,4.39,-0.28,0.01,0,-0.03,-4.7,OLS
618,61.64,8.23,-1.28,1.15,0,-0.04,-8.4,OK
645,75.54,7.78,-2.18,2.4,0,-0.04,-7.6,NEQ
657,1778.21,0.76,-4.98,0.67,-1.6,-1.19,-4.66,NEQ
669,729.93,2.74,-0.28,0,0,-0.04,-3.06,NEQ
750,366.85,4.26,-1.78,2.4,0,-0.07,-3.72,NEQ
756,1039.68,1.95,-0.5,0.01,0,-0.07,-2.52,OK
845,18.11,10.95,1.72,0.01,0,-0.07,-9.3,NEQ
855,44.93,8.93,-1.78,0.01,0,-1.19,-11.9,NEQ
869,19.64,10.77,-4.18,1.52,0,-0.07,-13.5,NEQ
878,123.64,6.68,-3.68,0.01,0,-0.04,-10.4,NEQ OLS
882,135.52,6.48,-3.68,1.15,0,-1.19,-10.2,NEQ OLS
900,13.78,11.56,1.32,0.67,0,-0.03,-9.6,NEQ
908,352.96,4.35,-5.68,1.52,-0.5,-1.19,-9.2,NEQ
955,206042.39,-9.8,-9.28,0.67,0,-1.19,0,CDS
