Title:,cce_0555_ec,,,,,,,
Algorithm: ,ReverseRBS,,,,,,,
Submit Date: ,06/15/2015,CPU Time: ,0:01:25.29,,,,,
Organism: ,Escherichia coli 536 (ACCTCCTTA),,,,,,,
mRNA sequence: ,CCAAAGGCAACCGCTTAGTGAACCAGCATTTCGGCCACGCCAAAGAATTTCAAATCTTTGAAGTGGATGGCACTGATGTCACCTTTGTCGCACACCGTAAAGTGGATCACTACTGTCAAAGCGGCTACGGCGAAGAAGCAACCCTCGATAACATTATTAAATCTATCTCCGACTGTAAAGGGGTACTCGCTTCAAAAATCGGTCATTGTCCTCAAGAAGAATTACGCAAAGCCGGTTTAGAACCTTACGAAGCTTACGATGTCATCGATAACGTTGCCATCAACTTCTACAAAGATTATATGCAAAAACAAGCATTAGGAGCCTAATGAATGATTGATACCCTTAGCTATCGTCCTCAATCTTCTTTAGTTTCTTCAACCCGAAGTTCTCAAACCACCGTCATCAACCCTTCCGGTTCAAATTCAACCCAAACGGAAAATAACTGTAATACTTGCGTTGATGACTATTCTATTCCTCCCTGTACCGGGTTTTCTAAAGACTACAGTTGTTTTCCTAGCCTAAACAATTAGTATCGGAGCGATCGCATCATGAGTTACACTATCACCAATGAATGTATTAACTGTTCTCGTTGTCGGAGTGCTTGTCCGACGGGGGCTATTACCATACAGGATAATGTATTTCTGATCGATGCGACGCTGTGTAATGATTGTCAAGGTTATTATGGAACCCCCCAGTGTGCCTCGGTATGTCCGACCAACTCTGCTTGTTTACCGTCTTATCAAGTCACTGGGGGCAGTGAAAACCAAATGGCTGACTATTGGGATATTTGGTTTAACCGTTATCACAACTTAGTCAGCAACCTCAAAGGAAAACAAACAA,,,,,,,
,,,,,,,,
Start Position,Translation Initiation Rate (au),dG_total (kcal/mol),dG_mRNA_rRNA (kcal/mol),dG_spacing (kcal/mol),dG_standby (kcal/mol),dG_start (kcal/mol),dG_mRNA (kcal/mol),Accuracy (warnings)
17,310.86,4.63,-4.18,0.29,0,-0.07,-8.6,NEQ
57,2.86,15.05,-1.88,0.67,-1,-0.04,-15.3,NEQ OLS
62,3.14,14.84,1.62,0,0,-0.07,-13.3,NEQ OLS
66,8.14,12.73,0.12,0,-0.5,-1.19,-13.3,NEQ OLS
72,68.75,7.98,-4.98,0,0,-0.03,-13,OLS
75,1255.55,1.53,-8.78,0.01,0,-1.19,-11.5,NEQ OLS
84,79.02,7.68,-5.48,0,-1.7,-0.04,-11.5,NEQ
101,2.71,15.17,-4.38,1.52,0,-0.07,-18.1,NEQ
112,6.62,13.18,-2.68,0,0,-0.03,-15.9,NEQ
172,94.72,7.27,0.42,0.29,0,-0.03,-6.6,OK
205,26.77,10.08,1.32,0.01,0,-0.04,-8.8,NEQ
258,341.24,4.42,-0.48,0,0,-1.19,-6.1,NEQ
273,86.46,7.48,1.62,0,0,-0.04,-5.9,NEQ
299,78.51,7.69,-0.28,1.52,0,-1.19,-7.64,OK
325,839.4,2.43,-5.28,0,-2,-1.19,-6.9,NEQ OLS
329,5663.39,-1.82,-9.78,0.29,-2,-1.19,-6.87,OLS
333,1304.41,1.45,-9.78,2.4,-2,-0.04,-6.87,OLS
442,470.79,3.71,-4.18,1.52,0,-0.03,-6.4,NEQ
451,194.38,5.68,-0.08,0,0,-0.04,-5.8,NEQ OLS
456,105.78,7.03,-2.18,1.15,0,-0.04,-8.1,NEQ OLS
459,743.36,2.7,-2.18,0,0,-1.19,-6.07,NEQ OLS
478,92.53,7.32,0.72,0,0,-0.03,-6.64,NEQ
505,113.27,6.88,-2.58,0,0,-0.04,-9.5,NEQ
548,8906.38,-2.82,-6.18,1.15,0,-1.19,-3.4,OK
567,121.86,6.71,-3.08,1.73,-0.5,-1.19,-8.76,NEQ OLS
571,30.69,9.78,1.32,1.15,0,-1.19,-8.5,NEQ OLS
580,15.57,11.28,6.16,0,7.04,-0.03,-12.2,OK
589,9.11,12.48,-0.18,0,0,-0.04,-12.7,NEQ
597,2.39,15.45,-0.08,0.01,0,-0.07,-15.6,NEQ OLS
601,5.8,13.48,-2.08,0.01,0,-0.04,-15.6,NEQ OLS
633,22.93,10.43,-0.68,0,0,-1.19,-12.3,NEQ
641,214.47,5.46,-5.28,0.67,0,-0.03,-10.1,NEQ
648,30.75,9.77,-5.18,6.05,0,-1.19,-10.1,NEQ
656,302.84,4.69,-3.88,0.01,-0.6,-0.03,-8,NEQ OLS
658,425.97,3.93,-3.88,0.29,-0.6,-0.07,-7,OLS
663,97.31,7.21,-1.38,0.29,-0.1,-1.19,-9.4,NEQ OLS
667,35.15,9.48,-1.08,0,0,-0.04,-10.6,NEQ OLS
681,311.12,4.63,-8.48,0.01,0,-1.19,-14.3,NEQ
694,58.49,8.34,-7.18,0,-3.6,-0.07,-12,OLS
696,47.29,8.82,-5.78,0.67,-2.2,-0.07,-11.8,NEQ OLS
706,46.02,8.88,-2.28,1.15,0,-1.19,-11.2,OK
720,0.13,21.93,-2.68,1.52,-0.7,-0.03,-22.42,NEQ OLS
724,5.83,13.47,-2.08,0.67,4.2,-0.04,-19.12,NEQ OLS
747,10.43,12.17,4.59,0,4.17,-0.03,-11.79,NEQ
756,73.08,7.85,-5.1,1.52,0,-0.07,-11.5,OK
767,48.57,8.76,-9.08,4.03,0,-1.19,-15,OLS
771,5.36,13.65,-4.48,3.17,0,-0.03,-15,OLS
778,90.93,7.36,-7.88,0.29,0,-0.04,-15,OK
787,4.8,13.9,-6.28,1.52,-1.2,-0.04,-17.5,NEQ
