Title:,cysE2_ec,,,,,,,
Algorithm: ,ReverseRBS,,,,,,,
Submit Date: ,06/15/2015,CPU Time: ,0:06:24.85,,,,,
Organism: ,Escherichia coli 536 (ACCTCCTTA),,,,,,,
mRNA sequence: ,TTTCCTTGCGCCCTTCGAGTCCGCCACTTGGGATACCCCAAGACCGCAGTGGACTCACCGTAAGATGGTGCGGGGTTTCACCGCTATTGCCTATTTTGATAAGACTTAATAGACTCAGAATCAACAGTATCCCAACATCGCTCCAGCCAGTCTACCAACTCTTGACGAGGAGCGATCGCCCCATAGATAGCACTGCGGAGTAAAATAGCATGGAGGCCATGTTCTATTTCTACCCACAAGGAGCCATCTTCAGGACACCAGCAGGGAATGGTTAATTCTTGGAGACGTTGGTAAACACTCCAACGATCGCAACGAGAAACTTTCTCAACTTGACTGATTAGAGCATCAGAATGGTAAGGTTGCATCATAATTGTAAAGTAAAGGTCAAGGTAGTTTTTGTATCTTTTGTTCCAATTCTTCAATTCGGTCTAGTAAACTCCGAATGACTTGGCCCTCAACATCGGGTAATTTGCCGTGTTCTAAAGGACAACCCCGACCACTACGGGAGATAATACGACCAGGAACGCCTACTACCGTGCAATCATGGGGAACATCGCTTAAAACGATTGATCCGGCTCCAATACGGACATGATTGCCAATTTCGATGTTGCCTAATACTTTTGCCCCGGCTCCCACAATGACTGAATTGCCTAGAGTGGGATGGCGTTTACCACTTTCTTTACCCGTCCCCCCTAGGGTGACATTTTGGTAAATGAGGCAATAATCACCAATAATCGCTGTTTCCCCAATGACCACCCCCATACCATGATCGATAAACACCCCTTGGCCAAGAGTCGCCCCTGGATGAATTTCGATTCCCGTAAGAAAACGGGCAATATGAGAGAGAAAACGGGGAAAAAAAGGCAAATTGCGATGCCATAATTCGTGGGAAAGACGATGGATCGCCAAAGCGTGTAAACCTGGATAGCAACACACCACTTCTAACCAATTACGGGCTGCGGGATCTCTTTCAAAAATGATTTGAAAATCCTTCCGCAAAAAGCTTAATAGGTTAGGTCGAGAAGTGCGCGGTTCAGAAATAGAGCTTTCTGACGGACTTCCACGACGCTCTCTGACAGGGAGTGATCCAAACATTAAATTCCGTGCTTGCGCATAGACTTAGTTGTTATGCTTATACCAAGTCCCCTCTCTTACCCATGTCCAAAGATGGTGAGTCATATTGATCTAGTTTATTAATGGTTGAAGCCGATTGACCAAAGTTAGATGTATTCAACCTTTTAGGGGGTTTAAAAATTTTTTTTGGGTCGAGGGTCTAGTATTTTTCTATGGGGGATAGAGTATTTTTCAGGTGAGGGGTTTGTATTTCTGTACTCAGTGGGAATGATGATTCTGCAAGACTTTGACCCTTGTTTTTGCCCAATCATAGCGTAGATAACTGACCACTCAAAATTAAAAAACTATAAAAGGGCTATAAGTCTC,,,,,,,
,,,,,,,,
Start Position,Translation Initiation Rate (au),dG_total (kcal/mol),dG_mRNA_rRNA (kcal/mol),dG_spacing (kcal/mol),dG_standby (kcal/mol),dG_start (kcal/mol),dG_mRNA (kcal/mol),Accuracy (warnings)
5,232.16,5.28,4.12,0.01,5.8,-0.04,-7,OK
27,1.51,16.46,-5.38,0.29,0,-0.04,-21.6,NEQ
48,1.06,17.25,-1.17,0.01,5.21,-0.07,-23.7,NEQ
64,28.05,9.98,-6.08,1.15,0,-1.19,-16.1,NEQ OLS
67,4.99,13.81,-3.58,3.17,0,-0.07,-14.3,NEQ OLS
86,177.65,5.88,-11.18,2.4,-4.2,-0.04,-10.5,NEQ
95,169.83,5.98,-3.98,0,0,-0.04,-10,NEQ
161,4.07,14.26,0.02,0.29,0,-0.04,-14,NEQ
192,54.76,8.49,-5.68,0.01,-0.5,-0.03,-13.7,NEQ
209,134.3,6.5,-6.18,0.67,0,-1.19,-13.2,NEQ
218,4.14,14.23,-1.78,0.01,0,-1.19,-17.2,NEQ
267,11.02,12.05,-0.08,1.73,5.9,-1.19,-17.5,NEQ
278,14.37,11.46,-7.98,0.29,0,-0.04,-19.2,NEQ
287,8.31,12.68,-4.28,0.01,0,-0.04,-17,NEQ
329,32.83,9.63,-1.28,1.15,0,-0.04,-9.8,NEQ OLS
333,4.82,13.89,9.53,0.01,7.21,-0.03,-11.6,NEQ OLS
350,570.01,3.29,-2.88,0,0,-1.19,-7.36,NEQ
359,154.84,6.18,-3.38,0.01,0,-0.04,-9.6,NEQ
370,1491.62,1.15,0.79,0.67,7.27,-0.04,-7,NEQ
396,2765.79,-0.22,-7.58,0,0,-0.04,-7.4,NEQ
405,832.44,2.44,-6.08,3.17,0,-0.04,-5.4,NEQ
442,101.24,7.13,3.29,0,5.27,-1.19,-10.3,NEQ OLS
447,30.88,9.76,-0.28,0.29,0,-0.04,-9.8,OLS
469,230.12,5.3,-5.88,1.52,0,-0.04,-9.7,OLS
474,330.48,4.5,-9.18,1.15,0,-0.07,-12.6,OLS
535,821.76,2.47,-6.48,1.73,-0.7,-0.07,-6.6,NEQ
543,81.28,7.61,-0.68,0.29,0,-1.19,-9.2,NEQ
566,5.83,13.47,-7.18,4.99,0,-0.04,-15.7,NEQ
588,136.37,6.46,-1.68,1.73,0,-1.19,-7.61,NEQ OLS
592,176.85,5.89,-1.68,0,0,-0.04,-7.61,NEQ OLS
604,670.26,2.92,-2.68,0,0,-1.19,-6.8,NEQ OLS
607,144.43,6.34,-0.59,0,0,-0.04,-6.97,NEQ OLS
620,164.91,6.04,1.02,0.01,0,-0.04,-5.06,NEQ
637,20.9,10.63,-1.68,0.01,0,-1.19,-13.5,NEQ OLS
641,15.21,11.34,4.29,1.15,7.57,-0.03,-13.5,NEQ OLS
646,3.87,14.38,0.92,0,0,-0.04,-13.5,NEQ OLS
655,4.21,14.19,-0.38,0.01,0,-0.07,-14.64,OLS
660,6.23,13.32,-1.65,1.52,0,-1.19,-14.64,OLS
697,0.89,17.63,1.62,0.29,0,-0.07,-15.8,NEQ
705,60.65,8.26,-4.98,0.29,0,-0.04,-13,NEQ
712,103.17,7.08,-3.68,0.29,0,-1.19,-11.67,OK
737,121.65,6.72,0.42,0.67,0,-0.03,-5.66,NEQ
748,1692.32,0.87,-0.08,0.67,0,-1.19,-1.47,OK
765,2618.61,-0.1,-1.68,0.67,0,-1.19,-2.1,NEQ
783,14.47,11.45,-0.28,0.67,0,-0.04,-11.1,NEQ
800,62.68,8.19,-9.18,0.01,0,-0.03,-17.4,NEQ OLS
804,10.9,12.08,-2.88,1.15,0,-1.19,-15,NEQ OLS
837,137.17,6.45,-3.48,1.52,0,-1.19,-9.6,OK
868,676.78,2.9,-6.48,1.73,0,-0.04,-7.7,OLS
873,285.03,4.83,0.12,0,4.9,-1.19,-10.8,OLS
885,14.81,11.4,-1.48,1.15,0,-0.07,-11.8,NEQ
897,462.38,3.75,-8.68,1.52,0,-1.19,-12.1,NEQ
912,199.64,5.62,-4.88,0.67,-1.3,-0.07,-8.6,NEQ
920,177.85,5.87,-1.78,0.29,-0.6,-0.03,-6.8,OK
956,103.08,7.08,0.42,0,0,-0.03,-6.7,OK
976,29.66,9.85,-5.18,1.73,0,-1.19,-14.5,NEQ OLS
981,2.53,15.32,-5.18,6.05,0,-0.04,-14.5,NEQ OLS
1024,80.22,7.64,-7.08,0.29,0,-0.07,-14.51,NEQ
1049,0.95,17.49,-0.54,0.01,5.64,-0.03,-23.7,NEQ
1072,8.51,12.63,-3.68,4.03,0,-0.03,-12.31,NEQ
1082,15.61,11.28,-2.48,1.52,0,-0.07,-12.31,NEQ
1103,95.95,7.24,-2.48,0,0,-0.07,-9.8,NEQ OLS
1107,46.78,8.84,-2.28,1.52,0,-0.04,-9.64,OLS
1123,148.03,6.28,-2.18,0.01,-2.2,-0.04,-6.3,NEQ OLS
1128,1373.81,1.33,-3.78,0.01,0,-1.19,-6.3,NEQ OLS
1157,137.48,6.45,-0.88,2.4,0,-1.19,-6.12,NEQ
1167,173.11,5.93,-0.08,0.29,0,-1.19,-6.92,NEQ OLS
1170,55.41,8.46,1.62,0,0,-0.07,-6.92,NEQ OLS
1180,959.66,2.13,-7.28,1.15,0,-0.04,-8.3,OK
1196,58.99,8.32,-0.08,0,0,-1.19,-9.6,NEQ OLS
1200,24.66,10.26,-0.08,0.29,-0.1,-0.04,-10,NEQ OLS
1210,34.71,9.5,-3.78,1.73,0,-0.04,-11.6,NEQ
1224,44.53,8.95,-4.98,1.52,-2,-1.19,-11.6,NEQ
1260,1413.2,1.27,-12.38,4.99,0,-0.04,-8.7,NEQ
1286,184.37,5.79,-5.58,3.17,0,-1.19,-9.4,NEQ
1309,14.31,11.47,-4.18,1.73,0,-0.07,-14,NEQ
1318,269.74,4.95,-7.58,0.67,0,-0.04,-11.9,NEQ
1326,999.58,2.04,-10.08,1.15,0,-0.03,-11,NEQ
1335,64.22,8.14,-2.74,4.99,5.14,-0.07,-11.1,NEQ
1341,64.39,8.13,-4.58,0.01,-2.8,-1.19,-11.1,NEQ OLS
1344,413.17,4,-7.78,1.52,-1.2,-1.19,-10.25,NEQ OLS
1350,212.93,5.47,-5.28,0.29,0,-0.03,-10.5,NEQ
1360,18.57,10.89,0.22,0.29,0,-0.04,-10.43,NEQ
1367,16.44,11.16,-1.88,0.29,-0.5,-0.04,-12.3,NEQ
1373,163.24,6.06,-1.38,0.29,0,-0.04,-7.2,NEQ
1396,186.88,5.76,-1.18,0.29,0,-0.03,-6.69,NEQ
