Title:,hesA_sy,,,,,,,
Algorithm: ,ReverseRBS,,,,,,,
Submit Date: ,06/15/2015,CPU Time: ,0:04:8.83,,,,,
Organism: ,Synechocystis sp. PCC 6803 (ACCTCCTTT)**,,,,,,,
mRNA sequence: ,CCCAAGTCGACAAAGCCTTCCCCGATCTCAGTGAAAGTGAAAAATTAGAAAAATATCAATTAGCTTTTTCAGAAGCTTACGAACTTTTTAAAACCTCCAGTCCTTTAGAAACCAAACTCTTTAAAGTGTTTAAAGATGTTCCTAGTAACGTGGTTTTATTGGATGATTTAACCAAAGAAGCTGGCATTATGCAATAGAAGAAGCAGGGAGAAGGGAGCAAAGGGAGCAGGGAGAAATGTATGAGTACAATTTTCCCACACTCCTCACCCTTCCCTGTTACTGAGCTTGTCGAAGTACACTCTCAACACCTCACCTCTAAACGGTCATGAACTTCACCCCTACTGAACTCGAACGTTATTCACGACAAATACAACTCCCTGGTTTTGGGGAAGAAGGACAAAAACGCCTCAAGGACTCCACTGCTGTGGTCACAGGAGTTGGTGGCCTTGGTGGGACGGTTGCCCTCTATTTAGCTGTTGCTGGTGTCGGGAAAATCATTCTCGTTCGGGGGGGTGAACTTCGCCTCGATGATCTCAACCGTCAAATATTGATGACCAATAGTTGGGTGGGTCAACCGAGGGTTTATAAAGCCAGAGAAACCCTACTCAATATCAACCCTGACATCGAAGTCGAAGCGGTGAATGAGTTTGTCACAGCAGACAACATCGATGCTTTGGTACAACAGGCCGATATTGCCTTTGACTGCGCTTTTGACTTCAAAGAAAGGACGCTGTTAAACAACGCTTGTGTCCGTTGGGGGGTTCCGATGGTGGAGGCGGCCATGAGTGGCATGGATGCGTACTTAACCACCATTATTCCTGGGGAAACCCCTTGCCTATCCTGCATCTTCCCAGAAACCCCTGAATGGGATCGTTGGGGGTTTGGGGTCTTAGGGGCAGTTTCTGGCAGTTTAGCCTGTTTAGCGGCCTTAGAAGGCATCAAACTCTTAACCGGACTTGGAGAACCCCTAACCGGTCAATTATTAACGATGGAGTTAGGGACTGCCACCTTTGCCAAACGTCGTCCATATCATGATCCTAACTGTCCCGTTTGTGGTAACTTTACCAAGCAACGGTTAAGTGGTTATGTAACCAACAAGAAAGTAGGAGTCAGGAGTCAGGAGTCAGGAGTCAGGAGTTAATTTTCTTCCCACACTCCGCACACTTCCCACGCCTCTCACCCTTCCACCCTTCCCACACCCTCTCTAAAAAAATGACTGTCACTCTTACTGAAAAAGCTGCCCTGAAACTCCGTACCGTCTTATACGGGAACTCAAACAATATTACTGGTATTCGTGTTGGTGTCAAAGATGGTGGCTGTAATGGCTACGAATATGCCTTAAATTTAGTCAAAGAAGCCAACAACGAAGATGTCCGCTTTGAACAAGATAATGTTCCTATCTATGTTGACCCAAAGAGTGTGTCTTTATTAGATGGTGTGGTTATCGATTTTGTCGATAGTTTAACCCAAAGTGGTTTTA,,,,,,,
,,,,,,,,
Start Position,Translation Initiation Rate (au),dG_total (kcal/mol),dG_mRNA_rRNA (kcal/mol),dG_spacing (kcal/mol),dG_standby (kcal/mol),dG_start (kcal/mol),dG_mRNA (kcal/mol),Accuracy (warnings)
30,1259.02,1.52,-1.78,2.4,0,-0.07,-0.98,NEQ
36,1039.68,1.95,-0.5,0.01,0,-0.07,-2.52,OK
125,18.11,10.95,1.72,0.01,0,-0.07,-9.3,NEQ
135,44.93,8.93,-1.78,0.01,0,-1.19,-11.9,NEQ
149,19.64,10.77,-4.18,1.52,0,-0.07,-13.5,NEQ
158,123.64,6.68,-3.68,0.01,0,-0.04,-10.4,NEQ OLS
162,135.52,6.48,-3.68,1.15,0,-1.19,-10.2,NEQ OLS
180,13.78,11.56,1.32,0.67,0,-0.03,-9.6,NEQ
188,352.96,4.35,-5.68,1.52,-0.5,-1.19,-9.2,NEQ
235,10.33,12.2,-9.28,0.67,0,-1.19,-22,NEQ OLS
239,0.48,19.03,-8.38,0.01,0,-1.19,-28.6,NEQ OLS
273,53.79,8.53,2.4,0.01,-0.22,-0.03,-5.94,NEQ
279,117.98,6.78,2.62,0,0,-0.03,-4.2,OK
285,237.8,5.23,-0.08,1.15,0,-0.04,-4.2,OK
325,272.48,4.92,2.62,0,0,-1.19,-3.5,NEQ
341,781.1,2.58,-0.08,0,-0.5,-0.03,-2.2,NEQ
377,86.56,7.47,0.72,0.29,0,-0.03,-6.5,OK
383,55,8.48,1.72,0.01,0,-0.04,-6.8,NEQ
419,1.57,16.38,-4.68,0,-0.8,-0.03,-20.3,NEQ OLS
422,4.42,14.08,-1.62,0,5.56,-0.03,-21.3,NEQ OLS
424,3.32,14.72,-7.78,0.67,-0.6,-0.07,-21.3,NEQ OLS
437,0.55,18.73,-3.68,1.15,0,-0.04,-21.3,NEQ OLS
440,7.36,12.95,-7.28,0.01,0,-0.07,-20.3,NEQ OLS
446,157.18,6.15,-8.28,0.67,4.9,-0.04,-18.7,NEQ OLS
449,286.16,4.82,-13.88,0.67,0,-0.07,-18.1,OLS
458,210.31,5.5,-11.18,1.52,0,-0.04,-15.2,OK
473,21.28,10.59,-5.28,0.01,0,-0.03,-15.9,NEQ OLS
476,1.8,16.08,3.82,0,5.7,-0.04,-18,NEQ OLS
479,14.85,11.39,-0.67,0.01,5.91,-0.03,-18,NEQ OLS
482,27.21,10.04,-7.38,0,0,-0.07,-17.5,NEQ OLS
512,2.37,15.47,-5.68,1.52,-2.4,-0.07,-17.3,NEQ
527,391.98,4.12,-13.18,4.99,0,-1.19,-13.5,OK
547,1.51,16.46,-1.98,0.29,0,-0.04,-18.2,NEQ OLS
550,0.9,17.63,0.62,0,0,-1.19,-18.2,NEQ OLS
561,38.37,9.28,-2.48,0.01,0,-0.04,-11.8,NEQ OLS
565,22.48,10.47,-2.08,1.52,0,-0.07,-11.1,NEQ OLS
617,11.36,11.98,2.62,0,0,-0.03,-9.4,NEQ
637,10.24,12.22,-1.38,0.67,0,-0.07,-13,NEQ OLS
641,24.29,10.3,-2.18,0.67,0,-1.19,-13,NEQ OLS
647,15.98,11.23,-6.58,1.15,-0.7,-0.04,-16,NEQ
668,31.42,9.73,-5.48,0,-3,-1.19,-13.4,NEQ OLS
673,23.39,10.38,-2.28,0.01,-0.6,-0.04,-12.1,NEQ OLS
692,232.72,5.28,-4.38,0,0,-0.04,-9.7,NEQ
698,73.8,7.83,-3.88,1.15,0,-0.04,-10.6,NEQ OLS
702,14.23,11.48,-1.08,0,0,-0.03,-12.6,NEQ OLS
710,25.59,10.18,-4.58,0.01,-3,-0.04,-11.8,NEQ
730,5.77,13.49,-1.18,0.01,-0.2,-0.03,-14.5,NEQ
744,12.32,11.81,-6.58,2.4,0,-0.04,-16.03,NEQ OLS
746,5.55,13.58,-5.98,4.03,0,-0.07,-15.6,NEQ OLS
753,3.01,14.94,-3.78,0,-1.5,-0.04,-17.26,NEQ
766,144.77,6.33,-12.18,0.01,-0.1,-1.19,-19.6,NEQ OLS
769,111.21,6.92,-13.68,0.67,-0.1,-0.07,-19.9,NEQ OLS
781,80.64,7.63,-17.48,0.01,-6.6,-1.19,-19.7,NEQ OLS
785,10.11,12.24,-14.58,0,-3.3,-0.07,-23.6,NEQ OLS
790,4.96,13.83,-10.98,2.4,0,-1.19,-23.6,NEQ OLS
794,8.5,12.63,-7.28,0.01,2.1,-1.19,-23.2,NEQ OLS
818,6.05,13.38,-1.98,0,0,-0.03,-15.4,NEQ
831,716.91,2.78,-5.58,0,0,-0.04,-8.4,OK
840,159.86,6.11,-6.78,1.52,0,-0.03,-11.4,OK
860,0.08,23.09,0.02,0.01,0,-0.03,-23.1,NEQ OLS
864,0.04,24.71,-0.48,0.29,0,-1.19,-26.1,NEQ OLS
873,0.09,22.8,-4.18,1.52,-0.3,-0.04,-25.2,NEQ
881,9.86,12.3,-5.88,1.52,3.6,-0.04,-20.3,NEQ
902,176.47,5.89,-8.78,0.01,2,-0.03,-16.7,NEQ
915,0.87,17.69,-2.58,0.01,0,-0.03,-20.3,NEQ
956,26.98,10.06,-1.78,0.29,0,-0.04,-11.6,OK
988,3.91,14.35,-1.68,1.73,0,-1.19,-15.5,NEQ
1001,176.9,5.88,0.66,0,7.14,-0.03,-12.4,NEQ
1010,213.84,5.46,-5.78,0.29,0,-0.04,-11,NEQ
1031,663.66,2.95,0.02,0.67,3.6,-1.19,-7.05,NEQ
1041,12.86,11.71,4.72,1.52,5.6,-0.03,-11.1,NEQ
1050,11.94,11.88,6.83,0,7.71,-0.04,-12.8,NEQ OLS
1052,3.18,14.82,-0.38,0.67,0,-0.07,-14.6,NEQ OLS
1079,79.25,7.67,-7.48,1.52,-1,-0.07,-12.7,OK
1085,403.43,4.05,-6.58,1.73,-0.1,-1.19,-10,NEQ
1212,1156.46,1.71,2.62,0.29,0,-1.19,0,OLS
1216,781.1,2.58,2.62,0,0,-0.03,0,OLS
1228,1567.72,1.04,-0.08,1.15,0,-0.03,0,OK
1237,415.98,3.98,-0.68,0,0,-0.03,-4.7,OLS
1242,156.51,6.16,-0.28,0.67,0,-0.03,-5.8,OLS
1285,12.25,11.82,-5.68,4.03,0,-0.03,-13.5,NEQ
1294,1039.68,1.95,-4.24,0.01,5.04,-0.07,-11.3,NEQ OLS
1297,269.74,4.95,-6.58,0.67,0,-0.04,-10.9,OLS
1300,43.22,9.02,-1.68,0.67,0,-0.07,-10.1,NEQ OLS
1309,153.72,6.2,-3.38,0.67,0,-1.19,-10.1,NEQ OLS
1312,49.47,8.72,-1.98,0.67,0,-0.07,-10.1,NEQ OLS
1316,65.72,8.08,-1.98,0,0,-0.03,-10.1,NEQ OLS
1321,620.33,3.1,-6.48,0.67,0,-1.19,-10.1,NEQ OLS
1333,66.46,8.06,-2.18,0.01,0,-1.19,-11.43,NEQ
1369,678.76,2.9,-3.18,0.67,0,-1.19,-6.6,OK
1378,113,6.88,-2.18,0.01,0,-0.04,-9.1,NEQ
1390,43.05,9.03,-3.08,0,-1.9,-1.19,-11.4,NEQ
1402,18.71,10.88,-0.68,1.15,0,-1.19,-11.6,NEQ OLS
1405,8.61,12.6,-0.48,1.52,0,-0.04,-11.6,NEQ OLS
1417,12.66,11.74,-2.98,0,-1.4,-0.07,-13.4,NEQ OLS
1419,8.18,12.72,-1.28,0.67,0,-0.07,-13.4,NEQ OLS
1432,13.8,11.55,-2.78,1.73,0,-1.19,-13.8,OLS
1435,9.53,12.38,-2.78,4.03,0,-0.07,-11.2,OLS
1437,13.1,11.67,-2.38,1.52,-1.5,-0.07,-11.1,OLS
1450,311.52,4.63,-5.98,1.15,-0.6,-0.04,-8.9,CDS
1471,308.45,4.65,-2.28,0.01,-0.6,-0.07,-6.4,CDS NEQ
