Title:,nifD_ec,,,,,,,
Algorithm: ,ReverseRBS,,,,,,,
Submit Date: ,06/15/2015,CPU Time: ,0:09:0.82,,,,,
Organism: ,Escherichia coli 536 (ACCTCCTTA),,,,,,,
mRNA sequence: ,AAGAAGCTGAATTACGTCGTATGACTGTTATCGAATATTCTCCTGATCACCCTCAGGCTCAGGAATACCGTGAGTTATCTCGCAAAATCGAGAATAACACCAACCTCGTTATTCCTACTCCTATCACCATGGAAGAACTCGAAGAACTCTTAGTTGACTTCGGTATTCTCGGTGGTGAAGACGAGTATGAGAAAGCTCTTCAAGCTGATAAAGCTGCTACCAAAGCTTAGACTGAATCTCGCTTAGTAGGATTGAGGATCATTCTAAGGCAAAAGTGAATAGGAAATAGTGACAAACTATCAACTATCAACTTTAAACTCCTTTTGCCTTCCCCTCTTTCCCTTTCTCTAATTTTTCTTCTACACCAACTTTGAGAGGAACACCATGGCAACAGTTGAAGACAATAAGAAGCTCATTGCCGACGTTCTGTCGACTTATCCCGAAAAAGCTGCTAAAAAACGCGCAAAACACTTAGGTGTTTACGAAGAAGGCGAAGCTGATTGTGGCGTAAAATCCAATAAACAATCCTTACCTGGGGTTATGACCGCTCGTGGTTGTGCCTATGCAGGATCAAAAGGGGTTGTTTGGGGTCCGATTAAGGATATGGTTCACATCTCCCACGGTCCTGTGGGTTGTGGTTACTACTCCTGGTCTGGTCGTCGTAACTACTACATCGGAACCACAGGGGTTGACTCCTTCGGTACCATGCAGTTTACCTCCGATTTCCAAGAACGGGACATCGTTTTTGGTGGAGACAAAAAACTCGCTAAAATCATTGATGAAATCGAAGAATTATTCCCCTTAAACGGTGGTGTTTCTGTTCAGTCAGAATGTCCCGTTGGTTTAATTGGAGATGACATCGAATCCGTTGCTCGTACCAAGAGCAAAGAAACCGGCAAATCCGTTGTTCCTGTTCGTTGTGAAGGGTTCCGTGGGGTTTCTCAGTCCTTAGGACACCACATCGCTAACGACATGATTCGTGACTGGGTTTTCCCCACTGCGGATAAAGAAAACGCAGAAAAAGGATTTGAAGGCACTCCTTATGACGTAGCCATCATTGGTGACTACAACATCGGTGGAGATGCTTGGTCTAGCCGTATCTTACTCGAAGAAATCGGTCTTCGTGTGGTAGCACAATGGTCTGGTGATGGTACCTTAACCGAGATGAAGGCAACCCCCAACGTTAAGTTGAACCTCATCCACTGTTATCGTTCCATGAACTACATCAGTCGTCACATGGAAGAAAAATATGGTATTCCCTGGTTAGAATACAACTTCTTCGGTCCTAGCAAGATTGCTGCTTCTTTAAGAGAAATCGCTTCACGCTTCGATGAAAAAATCCAAGCCAAAGCTGAAGAAGTCATCGAGAAGTACAGAAAGCAATCTGAAGAGATCATTGCTAAGTACCGTCCTCGTTTAGAAGGCAAAACTGTAATGATGATGGTGGGTGGTTTACGTCCCCGTCACGTTGTTCCTGCTTTCAAAGACTTAGGCATGGAAATCATCGGTACCGGATACGAATTCGCTCACGGTGACGACTACAAACGGACCACTGGCTACGTTGAAGATGCTACCCTCATCTATGATGACGTAACTGGTTATGAGTTTGAAGAGTTCGTTAAAGAACTTAAGCCTGACTTAGTAGCTGCCGGTATTAAAGAGAAGTATGTCTTCCAAAAGATGGCTCTTCCCTTCCGTCAAATGCACTCTTGGGATTACTCCGGACCTTACCACGGTTATGATGGCTTCGCTATCTTCGCCCGTGACATGGACTTAGCCCTCAATAGTCCCACCTGGGGATTAATTGGCACCCCTTGGAATAAATAAGAGGGAGGATGATCATGGGGAACCAGGGAAGTCAGAAGTCAGAAGTCAGAAGTCAGAAGTATTAAAGTCATAATATTCTCTACCTTTCTTTTTCGACTTACTCTCTCCAACCTTTCCCCTCTCCCTCTCCTGTCCAAGTTTGTTTGTCTGAGATATCCATCCTATACTGGAGT,,,,,,,
,,,,,,,,
Start Position,Translation Initiation Rate (au),dG_total (kcal/mol),dG_mRNA_rRNA (kcal/mol),dG_spacing (kcal/mol),dG_standby (kcal/mol),dG_start (kcal/mol),dG_mRNA (kcal/mol),Accuracy (warnings)
6,3.48,14.61,1.42,9.63,0,-0.03,-3.6,NEQ
20,445.96,3.83,0.32,0.01,0,-1.19,-4.7,NEQ OLS
24,519.71,3.49,-5.48,0.01,0,-0.03,-9,NEQ OLS
42,13.66,11.57,-1.78,0,0,-0.03,-13.39,NEQ
69,42.68,9.04,-4.98,0,0,-0.07,-14.1,OK
128,71.74,7.89,1.22,0.01,-0.1,-1.19,-7.76,OK
153,0.96,17.48,-1.68,0.01,0,-0.04,-19.2,NEQ
171,16.06,11.22,-0.48,0.67,4.6,-0.07,-15.7,NEQ OLS
174,12.11,11.84,-2.78,0,0,-0.07,-14.7,NEQ OLS
186,311.87,4.63,-11.98,2.4,-1.2,-1.19,-14.2,NEQ
204,18.21,10.94,-2.28,1.15,0,-0.03,-12.1,NEQ
213,30.23,9.81,-3.88,0.01,-1.3,-0.03,-12.42,NEQ
231,78.5,7.69,-4.28,0.01,0,-0.03,-12,NEQ
251,12.46,11.78,-1.98,0.01,-1.9,-0.04,-11.9,NEQ
274,114.6,6.85,-4.88,0.01,-1.4,-0.07,-10.4,OK
288,53.32,8.55,-3.28,0.01,0,-0.07,-11.9,NEQ
323,869.19,2.35,1.72,0.67,0,-0.04,0,OK
370,32.13,9.68,2.62,0,0,-0.04,-7.1,NEQ
384,2449.88,0.04,-6.28,0,0,-1.19,-7.52,OK
394,64.48,8.13,-6.48,4.03,0,-0.04,-10.62,NEQ
415,93.76,7.3,-0.88,0,0,-0.04,-8.22,OK
426,63.97,8.14,-0.88,2.4,0,-0.03,-6.66,NEQ
448,544.94,3.38,-4.88,0,0,-0.03,-8.3,NEQ
475,9.92,12.29,0.02,0.67,0,-0.07,-11.67,NEQ
496,1652.24,0.92,-9.18,0.01,-0.9,-0.03,-9.23,NEQ OLS
500,1269.66,1.51,-8.18,0,0,-0.04,-9.73,NEQ OLS
502,268.68,4.96,-1.98,0.67,5.3,-0.07,-11.64,NEQ OLS
532,12.27,11.81,-1.08,0,0,-0.03,-12.93,OK
540,5.88,13.45,-1.88,1.52,0,-1.19,-15,NEQ
550,0.42,19.31,-7.08,3.17,0,-0.07,-23.3,NEQ OLS
554,0.13,21.88,-2.28,0,0,-0.04,-24.2,NEQ OLS
556,0.65,18.35,-3.98,0.01,0,-0.07,-22.4,NEQ OLS
562,2.41,15.43,-6.38,0.01,-1.1,-1.19,-21.9,NEQ
580,40.74,9.15,-7.18,0.67,-1.4,-0.04,-14.3,OLS
584,210.31,5.5,-14.58,1.52,-1.6,-0.04,-17,NEQ OLS
603,28.35,9.95,-7.58,1.73,0,-1.19,-17,NEQ
625,0.08,22.98,0.62,0,0,-0.03,-22.4,NEQ OLS
627,0.39,19.47,-7.38,1.52,-3.3,-0.07,-22.1,NEQ OLS
632,2.31,15.53,-7.38,1.15,-3.3,-0.04,-18.5,NEQ OLS
634,3.14,14.84,-4.08,0,0,-0.07,-19,OLS
647,31.25,9.74,-11.28,1.15,-0.1,-0.03,-19.8,NEQ OLS
652,0.87,17.69,-6.08,0,0,-0.03,-23.81,NEQ OLS
688,2,15.85,-4.08,0.67,0,-0.04,-19.3,NEQ
705,81.39,7.61,-9.88,1.52,-2.3,-1.19,-14.86,NEQ
745,23.44,10.38,-5.18,0,0,-0.04,-15.6,NEQ OLS
748,14.16,11.5,-5.18,1.15,0,-0.07,-15.6,NEQ OLS
775,32.68,9.64,-2.18,0.67,-0.9,-0.04,-10.29,NEQ OLS
778,272.48,4.93,-2.18,0,0,-1.19,-8.3,OLS
808,7.76,12.83,1.32,0.29,0,-0.07,-11.3,NEQ OLS
811,4.91,13.85,2.62,0.01,0,-0.07,-11.3,NEQ OLS
817,168.71,5.99,-1.81,0.01,6.37,-0.03,-14.2,NEQ
830,20.9,10.63,4.99,0.01,7.27,-1.19,-14.1,NEQ
838,7.96,12.78,-2.28,0,0,-0.04,-15.1,OK
847,451.92,3.8,-6.48,0.01,0,-0.04,-10.32,NEQ
853,301.93,4.7,-7.58,0.67,0,-1.19,-12.8,NEQ
868,2.84,15.07,-6.18,4.99,0,-0.04,-16.3,NEQ
904,135.28,6.48,-0.68,0.01,7.2,-0.04,-14.4,NEQ
910,11.36,11.98,-0.88,0,0,-0.03,-12.9,NEQ
917,7.53,12.9,-3.58,1.52,-1.3,-0.04,-13.7,NEQ OLS
919,11.06,12.04,-2.08,0,-1.4,-0.07,-12.8,NEQ OLS
931,30.8,9.77,-4.98,1.52,0,-0.07,-13.3,NEQ
972,12.18,11.83,-0.78,0.01,0,-1.19,-13.8,OK
979,35.65,9.44,-3.08,0,0,-0.07,-12.6,OLS
983,16.69,11.13,-1.88,0.01,0,-0.03,-13.04,NEQ OLS
997,157.93,6.14,-6.28,1.15,0,-0.03,-11.3,NEQ
1027,46.05,8.88,-0.88,0,2.3,-0.04,-12.1,NEQ
1042,731.63,2.73,-5.28,0.01,0,-1.19,-9.2,OK
1057,0.47,19.08,4.42,0.01,5.9,-0.04,-20.6,NEQ OLS
1060,1.39,16.65,2.52,0.01,4.1,-0.07,-18.3,NEQ OLS
1075,1.6,16.34,-1.28,0,-1,-0.07,-16.7,NEQ
1081,144.77,6.33,-8.18,0.01,0,-1.19,-15.7,NEQ OLS
1085,89.63,7.4,-8.88,0,0,-0.04,-16.32,NEQ OLS
1123,31.07,9.75,-4.58,0.01,0,-0.07,-14.4,NEQ OLS
1125,27.36,10.03,-4.58,0.29,0,-0.07,-14.4,NEQ OLS
1136,97.31,7.21,-6.77,0.29,-0.29,-1.19,-14.6,OLS
1141,12.97,11.69,-5.08,0.01,0,-0.03,-16.8,NEQ OLS
1144,7.98,12.77,-5.38,1.52,-2,-0.07,-14.7,NEQ OLS
1147,23.05,10.41,-5.38,0.29,-2,-1.19,-14.7,NEQ OLS
1164,95.4,7.26,-5.18,4.03,0,-1.19,-9.6,NEQ
1188,90.23,7.38,-0.48,0.01,0,-0.04,-7.9,NEQ
1202,256.77,5.06,-1.28,0.67,0,-0.03,-5.7,OK
1215,35.56,9.45,-0.08,1.52,0,-1.19,-9.2,OK
1236,80.84,7.63,6.13,0,6.71,-1.19,-9.4,NEQ
1249,260.49,5.03,-3.58,0,0,-1.19,-9.8,NEQ
1259,141.25,6.38,-3.38,0,0,-0.03,-9.8,NEQ
1294,215.38,5.45,-1.68,0.67,0,-0.04,-6.5,NEQ OLS
1297,79.11,7.67,0.02,0.29,0,-0.03,-7.4,NEQ OLS
1330,3.02,14.93,0.12,0.01,-0.3,-1.19,-15.7,NEQ
1351,5.3,13.68,0.02,0.01,0,-0.03,-13.69,NEQ
1384,31.91,9.69,-0.28,0.01,0,-0.03,-10,NEQ
1396,32.13,9.68,-0.28,0,0,-0.04,-10,NEQ
1429,31.91,9.69,-7.78,0.01,0,-0.03,-17.5,NEQ OLS
1434,20.14,10.71,1.1,0.29,5.78,-1.19,-16.3,OLS
1437,4.48,14.05,-4.68,1.73,0,-1.19,-18.2,NEQ OLS
1440,3.51,14.6,-1.98,0.67,0,-1.19,-17.1,NEQ OLS
1443,1.33,16.74,-0.28,0,0,-0.07,-17.1,NEQ OLS
1447,0.14,21.73,-0.88,0.29,0,-0.07,-22.4,NEQ OLS
1468,0.2,20.98,-5.38,0.01,-5.3,-0.04,-21.1,NEQ
1474,25.48,10.19,-7.88,0.01,0,-0.03,-18.1,NEQ
1494,39.25,9.23,-1.48,0.01,0,-1.19,-11.9,NEQ
1531,15.49,11.3,-0.98,1.15,0,-0.07,-11.2,OK
1552,286.96,4.81,-3.88,1.52,0,-0.03,-7.2,NEQ
1561,153.27,6.2,-5.78,1.73,0,-0.04,-10.3,OK
1567,54.6,8.5,4.66,0.67,7.14,-1.19,-11.5,NEQ
1582,12.21,11.82,-0.88,2.4,0,-1.19,-11.5,NEQ OLS
1585,13.98,11.53,1.22,0,0,-1.19,-11.5,NEQ OLS
1594,265.23,4.98,-0.07,0,5.41,-0.03,-10.5,OK
1600,177.53,5.88,-3.18,1.15,0,-1.19,-9.1,OK
1606,114.7,6.85,-5.38,0.67,-0.2,-0.04,-11.4,NEQ
1633,62.83,8.18,-0.88,0,0,-0.03,-9.1,NEQ
1645,1281.46,1.48,-6.78,0,0,-0.03,-8.3,OK
1666,49.16,8.73,-1.78,0.01,-1.2,-1.19,-10.5,NEQ
1680,19.15,10.82,-0.88,2.4,0,-1.19,-10.5,NEQ
1701,228.11,5.32,1.38,1.52,3.96,-1.19,-7.57,NEQ
1709,129.33,6.58,-0.88,0.01,0,-0.04,-7.5,NEQ
1738,5.43,13.63,-3.98,2.4,-0.4,-1.19,-16,NEQ OLS
1741,39.25,9.23,-5.58,0.01,0,-1.19,-16,NEQ OLS
1762,0.75,18.02,1.12,0.67,0,-0.07,-16.3,OLS
1767,150.09,6.25,-6.84,1.52,3.84,-1.19,-16.6,NEQ OLS
1793,5.78,13.48,-0.08,0,0,-0.03,-13.6,NEQ
1804,141.51,6.38,-9.48,0.01,0,-0.04,-15.9,OK
1814,129.64,6.58,-9.28,0,-1.3,-0.04,-14.6,OK
1835,104.71,7.05,-6.18,1.52,0,-1.19,-12.9,NEQ
1841,5078.99,-1.57,-11.68,0,0,-1.19,-11.3,OK
1956,162.54,6.07,2.62,0.29,0,-0.03,-3.2,OK
1966,75.95,7.76,-2.08,0.29,0,-0.04,-9.6,CDS NEQ OLS
1970,78.83,7.68,-1.88,0.01,0,-0.04,-9.6,CDS NEQ OLS
1974,50.05,8.69,-0.88,0.01,0,-0.03,-9.6,CDS NEQ OLS
1993,182.72,5.81,-2.28,1.73,0,-0.03,-6.4,CDS NEQ
