Title:,nifH_sy,,,,,,,
Algorithm: ,ReverseRBS,,,,,,,
Submit Date: ,06/15/2015,CPU Time: ,0:07:22.77,,,,,
Organism: ,Synechocystis sp. PCC 6803 (ACCTCCTTT)**,,,,,,,
mRNA sequence: ,AGGAGCCTGTGGTTCCTGTGCCAGTAGTACCGCCACCCTCAAAGGAGGCATTGAAGCCAGACTCAAAGAGCGGGTTTCCCCAGAATTAACTGTCATTGCAGTGTAAGAGACAATCACTGAACACTGATGACTGAAAACTGATAACAAGGAGAACACCATGTTAATTCAAAAGAAAGGTAGAGAGCGATCGCCTCCATAAGCATCGCTTCTCACCGGACGTTAAGAGTTTCAACTCTCTCAACGTCACCTCTTGACCCAATGAGTAAAGTTTCACAGCCTTTACTCAGGTCTAGAAGCCTTCCCTAACTAATCAAGTTGGCTTCTTACCTCGGAAGACATCTACTGACGTAGCGTTCGAGGGTTCTAATGGGACGCAACTCCCAAGGTTTCCTAACCACAATACGAATCATCGTTACGTCAGCAACGGATCAACCTTCCAACTTTATACACTCACTGTCTAACAAGCGAGAATCAACTATGCGTCAGATTGCATTTTACGGAAAAGGCGGTATCGGTAAGTCTACCACTTCTCAGAATACCATTGCTGCGTTAGCTGAAACCAACCGCATCATGATTGTTGGTTGTGACCCTAAAGCTGATTCTACCCGCTTAATGCTTCACACCAAAGCACAAACCACCATTCTGCACTTAGCAGCAGAACGGGGAACCGTTGAAGACATCGAACTCGAAGAAGTATTACTCGAAGGATACCAAGGAGTCAAGTGTGTTGAGTCCGGTGGTCCTGAGCCTGGAGTTGGATGTGCGGGTCGTGGTATTATCACCGCCATTAACTTCTTAGAAGAAGAAGGTGCTTACGAAGACCTAGACTTCGTATCCTACGACGTATTAGGAGACGTTGTATGTGGTGGTTTCGCTATGCCTATCCGTGAAGGAAAAGCACAAGAAATCTACATCGTAACCTCCGGGGAAATGATGGCGATGTACGCTGCAAACAACATTGCTCGTGGTATTTTAAAATACGCTCACACTGGTGGTGTTCGTTTAGGTGGTTTAATTTGTAACAGCCGTAACGTTAACTGTGAAGCTGAGTTAATCGAAGAATTAGCTCGTCGTCTCGGAACCCAAATGATTCACTTCGTACCCCGTTCTAAGCAGGTACAAGAAGCTGAATTACGTCGTATGACTGTTATCGAATATTCTCCTGATCACCCTCAGGCTCAGGAATACCGTGAGTTATCTCGCAAAATCGAGAATAACACCAACCTCGTTATTCCTACTCCTATCACCATGGAAGAACTCGAAGAACTCTTAGTTGACTTCGGTATTCTCGGTGGTGAAGACGAGTATGAGAAAGCTCTTCAAGCTGATAAAGCTGCTACCAAAGCTTAGACTGAATCTCGCTTAGTAGGATTGAGGATCATTCTAAGGCAAAAGTGAATAGGAAATAGTGACAAACTATCAACTATCAACTTTAAACTCCTTTTGCCTTCCCCTCTTTCCCTTTCTCTAATTTTTCTTCTACACCAACTTTGAGAGGAACACCATGGCAACAGTTGAAGACAATAAGAAGCTCATTGCCGACGTTCTGTCGACTTATCCCGAAAAAGCTGCTAAAAAACGCGCAAAACACTTAGGTGTTTACGAAGAAGGCGAAGCTGATTGTGGCGTAAAATCCAATAAACAATCCTTACCTGGGGTTATGACCGCTCGTGGTTGTGC,,,,,,,
,,,,,,,,
Start Position,Translation Initiation Rate (au),dG_total (kcal/mol),dG_mRNA_rRNA (kcal/mol),dG_spacing (kcal/mol),dG_standby (kcal/mol),dG_start (kcal/mol),dG_mRNA (kcal/mol),Accuracy (warnings)
6,5,13.81,1.62,1.52,0,-0.03,-10.7,NEQ OLS
8,91.51,7.35,-3.28,0.01,0,-0.07,-10.7,NEQ
15,371.38,4.24,-14.68,1.15,0,-0.03,-17.8,OLS
17,74.17,7.82,-10.58,0.67,0,-0.07,-17.8,OLS
50,82.46,7.58,-6.38,0.01,0,-0.04,-14,OK
89,496.84,3.59,-3.88,0.01,0,-0.03,-7.5,OK
95,32.05,9.68,-1.58,0.01,-1.1,-0.04,-10.2,NEQ OLS
100,14.68,11.42,-2.08,0.67,0,-0.07,-12.9,NEQ OLS
116,242.4,5.18,-5.68,0,0,-0.03,-10.9,NEQ
123,54.21,8.51,-4.08,1.73,0,-0.03,-10.9,NEQ OLS
126,35.56,9.45,2.53,1.52,6.01,-1.19,-12.6,NEQ OLS
130,35,9.48,-0.78,0,0,-0.03,-10.3,OLS
137,362.58,4.29,-0.28,0.01,0,-0.03,-4.6,OK
157,26786.05,-5.27,-6.14,0.01,4.04,-1.19,-6.1,OK
250,3.56,14.56,-3.98,0.29,-0.9,-0.04,-17.4,OK
258,10.64,12.13,-1.88,0.01,0,-1.19,-15.2,NEQ
315,2.06,15.78,0.42,0.01,0,-0.04,-15.4,NEQ
342,57.73,8.37,-6.48,0.29,0,-0.03,-14.6,NEQ
366,878.04,2.32,-9.98,0,-0.8,-1.19,-12.7,OK
453,185.04,5.78,1.72,0,0,-0.03,-4.1,NEQ
477,704.91,2.81,-5.18,0.29,0,-1.19,-8.9,NEQ
487,82.46,7.58,4.99,0.01,6.27,-0.04,-8.9,NEQ
541,141.85,6.38,-1.78,0,0,-0.04,-8.2,NEQ OLS
544,418.24,3.97,-1.98,0.29,0,-0.03,-5.7,NEQ OLS
553,20.17,10.71,-1.08,1.52,0,-0.03,-10.3,NEQ
570,11.22,12.01,0.12,0.29,-0.3,-1.19,-12.5,NEQ OLS
574,5.06,13.78,1.32,0.01,0,-0.04,-12.5,NEQ OLS
577,4.88,13.86,1.12,0.29,0,-0.04,-12.5,NEQ OLS
581,10.4,12.18,-0.28,0.01,0,-0.04,-12.5,NEQ OLS
583,9.67,12.34,-0.08,0,0,-0.07,-12.5,NEQ OLS
595,193.09,5.69,0.66,0.01,6.24,-0.03,-11.3,NEQ
612,20.14,10.71,0.92,0.29,0,-1.19,-10.7,NEQ
642,88.93,7.41,-8.38,1.73,0,-0.03,-14.1,OK
670,624.87,3.08,-11.58,0.01,-2.8,-0.04,-11.9,OK
722,14.99,11.37,-9.18,1.52,-0.5,-0.07,-18.6,NEQ OLS
724,63.84,8.15,-10.88,0.01,-0.5,-0.07,-18.6,NEQ OLS
727,25.98,10.15,-9.58,0.67,-0.5,-0.04,-18.6,NEQ OLS
736,0.51,18.87,-1.68,1.52,0,-0.07,-19.1,NEQ
742,3.21,14.79,-4.38,0.01,0,-0.03,-19.2,NEQ
748,15.07,11.36,-14.08,0.67,-6.1,-0.03,-18.7,NEQ
754,15.64,11.28,-4.18,0,0,-0.04,-15.5,NEQ OLS
758,3.92,14.35,-6.68,1.52,-1.9,-1.19,-18.8,NEQ OLS
760,12.08,11.85,-8.78,0.01,-1.9,-0.07,-18.8,NEQ OLS
769,28.83,9.92,-6.38,0.67,-0.7,-0.07,-15,NEQ
808,42.58,9.05,-2.58,0.01,0,-0.07,-11.7,OK
856,40.14,9.18,-5.98,0.01,-1.1,-0.04,-14.1,OLS
860,585.61,3.22,-12.28,0,-1.1,-1.19,-15.6,NEQ OLS
862,261.53,5.02,-11.18,0.67,0,-0.07,-15.6,NEQ OLS
865,17.73,11,-8.48,1.15,0,-0.07,-18.4,NEQ OLS
876,133.34,6.51,-12.78,0.29,-4.5,-1.19,-15.7,NEQ
886,4.29,14.15,-1.18,0.01,-1.7,-0.07,-13.7,NEQ
930,42.57,9.05,-2.98,1.52,0,-1.19,-11.7,NEQ OLS
933,105.64,7.03,-5.28,0.01,0,-1.19,-13.5,OLS
939,93.7,7.3,-5.68,0.67,0,-1.19,-13.5,OK
946,122.03,6.71,-1.48,1.52,4.8,-0.03,-11.5,OK
958,17.11,11.08,-1.28,0,-2.9,-0.04,-9.5,NEQ
964,21.73,10.54,-4.28,0,0,-0.07,-14.9,NEQ
988,9.49,12.38,0.82,0,0,-0.03,-11.6,NEQ OLS
991,14.03,11.52,0.82,0.67,0,-0.07,-10.1,NEQ OLS
994,9.79,12.32,1.42,0.67,-0.2,-0.07,-10.1,NEQ OLS
1006,104.99,7.04,-6.98,2.4,0,-0.07,-11.7,OK
1016,194.38,5.68,-11.18,0,-0.4,-0.04,-16.5,NEQ
1037,67.98,8.01,-3.08,1.52,0,-0.03,-9.6,OLS
1039,236.02,5.24,-4.28,0,0,-0.07,-9.6,OLS
1045,17.78,10.99,-0.08,0.01,0,-0.03,-11.1,NEQ
1086,868.22,2.35,-5.18,1.52,0,-1.19,-7.2,NEQ
1126,296.55,4.74,-6.88,1.15,0,-0.03,-10.5,NEQ
1140,220.34,5.4,-1.28,0.67,0,-1.19,-7.2,NEQ OLS
1144,712.16,2.79,-5.28,0.01,0,-0.03,-8.1,NEQ OLS
1162,13.66,11.57,-1.78,0,0,-0.03,-13.39,NEQ
1189,42.68,9.04,-4.98,0,0,-0.07,-14.1,OK
1248,41.9,9.08,2.52,0,0,-1.19,-7.76,OK
1273,1.72,16.18,-2.98,0.01,0,-0.04,-19.2,NEQ
1291,16.06,11.22,-0.48,0.67,4.6,-0.07,-15.7,NEQ OLS
1294,12.11,11.84,-2.78,0,0,-0.07,-14.7,NEQ OLS
1306,311.87,4.63,-11.98,2.4,-1.2,-1.19,-14.2,NEQ
1324,24.36,10.29,-1.78,0.01,0,-0.03,-12.1,NEQ
1333,30.23,9.81,-3.88,0.01,-1.3,-0.03,-12.42,NEQ
1351,78.5,7.69,-4.28,0.01,0,-0.03,-12,NEQ
1371,12.46,11.78,-1.98,0.01,-1.9,-0.04,-11.9,NEQ
1394,114.6,6.85,-4.88,0.01,-1.4,-0.07,-10.4,OK
1408,53.32,8.55,-3.28,0.01,0,-0.07,-11.9,NEQ
1443,1033.17,1.96,1.72,0.29,0,-0.04,0,OK
1490,32.13,9.68,2.62,0,0,-0.04,-7.1,NEQ
1504,2342.07,0.14,-6.18,0,0,-1.19,-7.52,OK
1514,84.46,7.53,-7.08,4.03,0,-0.04,-10.62,NEQ
1535,93.76,7.3,-0.88,0,0,-0.04,-8.22,OK
1546,114.84,6.84,-2.18,2.4,0,-0.03,-6.66,NEQ
1568,544.94,3.38,-4.88,0,0,-0.03,-8.3,NEQ
1595,9.92,12.29,0.02,0.67,0,-0.07,-11.67,NEQ
1616,1978.12,0.52,-10.48,0.01,-1.8,-0.03,-9.23,NEQ OLS
1620,2279.16,0.21,-9.48,0,0,-0.04,-9.73,NEQ OLS
1622,482.31,3.66,-3.28,0.67,5.3,-0.07,-11.64,NEQ OLS
1652,29.17,9.89,0.82,0.01,0,-0.03,-9.1,CDS NEQ
1660,87.46,7.45,-1.68,1.52,0,-1.19,-8.8,CDS
1670,274.06,4.91,-6.98,3.17,0,-0.07,-8.8,CDS OLS
1674,135.61,6.48,-2.28,0,0,-0.04,-8.8,CDS OLS
1676,294.87,4.75,-3.98,0.01,0,-0.07,-8.8,CDS OLS
