Title:,nifK_sy,,,,,,,
Algorithm: ,ReverseRBS,,,,,,,
Submit Date: ,06/15/2015,CPU Time: ,0:07:8.8,,,,,
Organism: ,Synechocystis sp. PCC 6803 (ACCTCCTTT)**,,,,,,,
mRNA sequence: ,ATGGCTCTTCCCTTCCGTCAAATGCACTCTTGGGATTACTCCGGACCTTACCACGGTTATGATGGCTTCGCTATCTTCGCCCGTGACATGGACTTAGCCCTCAATAGTCCCACCTGGGGATTAATTGGCACCCCTTGGAATAAATAAGAGGGAGGATGATCATGGGGAACCAGGGAAGTCAGAAGTCAGAAGTCAGAAGTCAGAAGTATTAAAGTCATAATATTCTCTACCTTTCTTTTTCGACTTACTCTCTCCAACCTTTCCCCTCTCCCTCTCCTGTCCAAGTTTGTTTGTCTGAGATATCCATCCTATACTGGAGTTACCACCAATGGCTCAAAACGTAAACAATATTAAGGATCACGTTGATCTATTCCATCAGCCTGAATACCAAGAACTGTTTGAGAACAAGAAACAGTTTGAAGGTATGCCCACTGCTGAGAAAGTTCAAGAAGTAGCTGAATGGACCAAAAGCTGGGAATATCGGGAAAAGAACTTTGCTCGTGAAGCGTTAACCGTTAACCCTGCTAAAGCTTGTCAACCTTTAGGTGCATTATTAGCTGCTATTGGCTTTGAAGGAACCTTACCCTTCGTTCACGGTTCTCAAGGTTGTGTGGCTTACTTCCGTACCCACTTAACCCGTCACTTCAAAGAGCCTGTAAGTGCTGTTTCTTCTTCCATGACTGAAAACGCTGCGGTTTTCGGTGGATTAAAGAACATGGTTGATGGTCTACAAAACTCCTATGCTCTTTACAAGCCCAAAATGATCGCTGTCTGTACAACTTGTATGGCTGAGGTTATTGGGGATGACTTAGGTGCTTTCTTAGGAAATGCTCGTCAAGACGGCGTTATTCCTGACGATTTACCTGTTCCTTTCGCTCATACACCTAGTTTTGTGGGTTCTCACATCACTGGTTATGACAGCATGATGAAATCGATTCTTTCTACCTTAACTGAAGGTAAGAAGAAAGAAACCACCAACGGTAAAATCAACTTCATCGCTGGATTTGAAACCTACATCGGTAACGTCCGTGCGATAAAAAATATCATCTCTGCGTTTGATTTAGAAGGTACTCTTTTAAGCGACACCGAAATGTACTTAGATTCTCCCAACTTAGGGGAATTCAAAATGTACCATGAAGGAACTTCCTTAGAAGATGCAGCTGATTCTATCAACGCTGAAGCGACCGTTACCCTTCAAACCTACACCACTCCTAAAACTCGTGAATACATCGAGAAGAAGTGGGGACAAAAAACCTACACCTATCGTCCTTGGGGTGTTAAAGGTACTGATGAGTTCTTAATGGGCTTATCTGAGTTAACTGGCAAACCGATTCCTAAAGAGTTTGAAATTGCTCGTGGACGTGCTGTTGACGCAATGACCGATACTCAAGCTTGGGTACATGGTAAGCGTGCTGCAGTTTACGGTGATCCTGATCTCGTAATGGGCTTATTACAGTTCATGTTAGAAATGGGTATCGAGCCTGTTCACGTCTTGGTTAACAACAGCACCAAGGAATTTGAAGAAGAAGCTAAAGCTCTCTTAGCTGCTAGTCCCTACGGACAACAAGCTACCGTTTGGGGTGGTAAAGACTTATGGCATATGCGCTCTTTACTCTTCACTGAGCCTGTTGACTTCTTAGTTGGTAATTCCTACGCTAAGTATTTACAGCGTGATACCAAGACTCCTTTAATCCGTATTGGATATCCTATCTTTGATCGTCACCACTTACACCGTTACTCTACCATCGGTTATGAAGGGGCTATCAACCTACTCAACTGGATCGCCAATGGACTAATGGATGAATTAGATCGCAAGACAGATACTCCTTCTGTAACGGATATTTCTTTTGACTTAGTTCGTTAATCCAAGGAAATCTGAATACGAGGGAGATTAGGAAGATTCAGGGAGTACCTTACTCCCCCCTCTCCTCTCCTCTCCCCTCTCTCTTCTTGAAGGCAATAGGGAATAGGCAATGGGCAATAGTCAGATTTCATTCTCC,,,,,,,
,,,,,,,,
Start Position,Translation Initiation Rate (au),dG_total (kcal/mol),dG_mRNA_rRNA (kcal/mol),dG_spacing (kcal/mol),dG_standby (kcal/mol),dG_start (kcal/mol),dG_mRNA (kcal/mol),Accuracy (warnings)
0,676.01,2.91,0,0,0,-1.19,-4.1,NEQ LDS
21,164.23,6.05,2.18,1.52,3.96,-1.19,-7.5,NEQ
29,15.6,11.28,0.12,0.01,-1.5,-0.04,-9.7,NEQ
58,5.43,13.63,-3.98,2.4,-0.4,-1.19,-16,NEQ OLS
61,39.25,9.23,-5.58,0.01,0,-1.19,-16,NEQ OLS
82,0.75,18.02,1.12,0.67,0,-0.07,-16.3,OLS
87,150.09,6.25,-6.84,1.52,3.84,-1.19,-16.6,NEQ OLS
113,5.78,13.48,-0.08,0,0,-0.03,-13.6,NEQ
124,141.51,6.38,-9.48,0.01,0,-0.04,-15.9,OK
134,129.64,6.58,-9.28,0,-1.3,-0.04,-14.6,OK
155,104.71,7.05,-6.18,1.52,0,-1.19,-12.9,NEQ
161,9117.27,-2.88,-12.98,0,0,-1.19,-11.3,OK
276,136.75,6.46,2.62,0.67,0,-0.03,-3.2,OK
286,75.95,7.76,-2.08,0.29,0,-0.04,-9.6,NEQ OLS
290,78.83,7.68,-1.88,0.01,0,-0.04,-9.6,NEQ OLS
294,59.92,8.29,-1.28,0.01,0,-0.03,-9.6,NEQ OLS
313,80.91,7.62,-1.28,1.73,0,-0.03,-7.21,NEQ
328,3121.03,-0.49,-6.18,0.67,0,-1.19,-6.21,NEQ
362,685.36,2.88,-3.28,0,0,-0.04,-6.2,OK
380,82.11,7.59,-1.08,0.01,0,-0.03,-8.7,OK
394,2.94,14.99,-0.28,0.01,0,-0.03,-15.3,NEQ OLS
398,9.51,12.38,0.02,0.01,0,-0.04,-12.4,NEQ OLS
416,10.43,12.18,-0.18,0,0,-0.04,-12.4,NEQ
424,55.26,8.47,0.02,0.01,0,-1.19,-9.64,NEQ
431,1398.8,1.29,-5.48,0.01,0,-0.03,-6.8,NEQ OLS
434,1394.6,1.3,-5.48,0.67,0,-0.03,-6.14,NEQ OLS
455,12.59,11.76,-2.08,0.67,0,-0.03,-13.2,NEQ OLS
459,173.73,5.93,-1.88,0,0,-1.19,-9,NEQ OLS
471,64.4,8.13,-3.58,0.01,0,-0.03,-11.74,NEQ
494,94.61,7.28,-6.28,0,-0.8,-0.04,-12.8,NEQ
500,20.15,10.71,-5.18,3.17,0,-0.07,-12.8,NEQ
521,94.21,7.28,-2.18,0,0,-0.03,-9.5,NEQ
531,31.84,9.7,0.82,0,-0.2,-0.04,-8.72,NEQ
545,19.68,10.76,-1.78,2.4,0,-0.07,-10.22,NEQ
557,29.34,9.88,-4.38,0.67,0,-0.03,-13.62,NEQ
563,22.16,10.5,-1.88,0.01,0,-0.04,-12.42,OK
569,22.7,10.45,-1.08,0.67,0,-0.04,-10.9,NEQ
606,61.64,8.23,-7.98,1.15,0,-0.04,-15.1,OLS
608,6.53,13.22,-2.48,0.67,0,-0.07,-15.1,OLS
610,60.49,8.27,-6.68,1.52,0,-0.07,-13.5,OLS
653,94.21,7.28,2.62,0,0,-0.03,-4.7,OK
659,832.18,2.44,-2.88,0,0,-0.07,-5.4,NEQ OLS
662,193.56,5.68,3.99,0,7.27,-0.03,-9,NEQ OLS
676,5.37,13.65,-0.18,1.52,0,-1.19,-13.5,OLS
680,2.83,15.07,-0.18,0.29,0,-0.03,-15,NEQ OLS
689,1.32,16.77,-0.28,0.29,0,-0.03,-16.8,NEQ
701,21.73,10.54,-3.38,0,0,-0.07,-14,NEQ
715,33.04,9.61,-10.58,0.29,-6.4,-1.19,-14.7,NEQ OLS
719,69.04,7.98,-1.98,0,0,-0.04,-10,NEQ OLS
722,166.09,6.03,-3.78,0,0,-1.19,-11,NEQ OLS
740,96.78,7.23,-1.68,2.4,0,-1.19,-7.7,NEQ
760,54.76,8.49,0.02,0.01,0,-1.19,-9.66,NEQ
767,6.77,13.14,-1.68,1.15,0,-0.03,-13.7,NEQ OLS
771,5.77,13.49,-0.48,0.01,0,-0.03,-14,NEQ OLS
780,5.26,13.7,-0.58,0,0,-0.04,-14.32,NEQ OLS
784,3.79,14.43,1.62,0,0,-1.19,-14,NEQ OLS
788,5.27,13.69,-0.08,0.01,0,-0.03,-13.8,NEQ OLS
797,75.54,7.78,-4.38,0,-0.6,-0.04,-11.6,OK
803,749.4,2.68,-10.78,1.15,-2.3,-1.19,-11.2,OK
812,323.42,4.54,-10.48,0,-0.8,-0.07,-14.3,NEQ
827,5.68,13.53,-7.48,2.4,-2.3,-1.19,-17.5,NEQ
851,18.88,10.86,-3.08,0.67,0,-0.03,-13.3,NEQ
863,238.08,5.22,-1.32,0,5.86,-0.03,-12.44,NEQ
890,2.06,15.78,1.92,0,0,-0.04,-13.9,NEQ OLS
892,6.67,13.17,4.88,1.52,7.06,-0.07,-13.9,NEQ OLS
908,15.77,11.26,-3.28,0.67,0,-0.03,-13.9,NEQ
914,58.99,8.33,-0.28,0,0,-1.19,-9.8,OK
922,1422.46,1.25,-4.88,1.73,2.7,-1.19,-8.3,NEQ OLS
925,837.39,2.43,-7.48,0.01,0,-1.19,-11.1,NEQ OLS
950,4.94,13.84,0.22,1.15,0,-0.03,-12.5,NEQ
998,38.51,9.27,-2.58,0.29,-1.1,-0.03,-10.5,NEQ
1004,4.64,13.98,0.52,0,0,-0.04,-13.5,NEQ
1028,32.99,9.62,-3.38,0.67,0,-0.07,-12.4,NEQ
1049,141.25,6.38,-1.48,0,0,-0.03,-7.9,OK
1055,37.57,9.33,0.82,1.15,0,-0.04,-7.4,NEQ
1090,64.39,8.13,-2.58,0.01,-0.3,-1.19,-11.6,OK
1126,538.1,3.41,-7.68,0.29,0,-1.19,-12,NEQ
1133,225.05,5.35,-7.48,1.52,0,-1.19,-12.5,NEQ
1154,2259.24,0.23,-9.28,2.4,0,-1.19,-8.3,NEQ
1160,264.6,4.99,-2.28,0.01,-0.9,-0.03,-6.4,OK
1175,324.48,4.54,-1.08,1.15,0,-0.03,-4.5,OK
1220,19.86,10.74,1.22,0,0,-0.07,-9.6,NEQ
1239,46.81,8.84,-0.6,1.52,3.88,-0.07,-11.87,NEQ
1269,22.21,10.5,-2.48,0,-0.5,-0.04,-12.52,NEQ OLS
1274,152.4,6.22,-2.11,0.67,7.37,-0.07,-15.1,OLS
1286,11.1,12.04,-7.28,1.15,0,-0.03,-18.2,OLS
1289,198.37,5.63,-8.88,0.01,0,-1.19,-15.7,NEQ OLS
1300,8.12,12.73,-4.98,0.01,0,-1.19,-18.9,NEQ
1310,54.76,8.49,-4.78,0.01,-0.9,-0.03,-12.4,NEQ
1319,36.2,9.41,-8.88,1.52,-2.9,-0.03,-13.9,OK
1343,1,17.38,0.82,0,0,-0.04,-16.6,NEQ
1349,11.41,11.98,-2.88,0,0,-0.04,-14.9,NEQ
1355,26.58,10.1,-1.88,1.15,0,-0.07,-10.9,NEQ
1361,7.36,12.95,-2.28,0.01,-1.6,-0.07,-13.7,NEQ OLS
1364,36.53,9.39,-0.72,0.01,5.26,-0.03,-15.4,NEQ OLS
1367,94.38,7.28,-10.28,0.01,-2.2,-0.04,-15.4,NEQ OLS
1375,13.94,11.53,-1.48,0.01,-0.7,-1.19,-13.5,NEQ
1392,0.51,18.86,-3.48,0.29,-2,-0.04,-20.1,NEQ
1400,11.54,11.95,-2.58,1.52,0,-1.19,-14.2,NEQ
1409,40.7,9.15,-6.78,0.01,-1.3,-0.07,-14.7,NEQ OLS
1412,6.7,13.16,-6.78,0.67,-1.3,-0.03,-18,NEQ OLS
1424,6.16,13.34,1.68,0,4.36,-0.07,-16.1,NEQ
1430,50.05,8.69,-7.48,0.01,-1.5,-0.03,-14.7,OK
1441,55.76,8.45,-0.98,0.01,0,-1.19,-10.62,NEQ
1459,6.42,13.25,-3.28,1.73,0,-1.19,-16,NEQ
1468,4.75,13.93,-4.08,0,-2.7,-1.19,-16.5,NEQ
1481,245.47,5.16,-4.98,0.67,0,-0.03,-9.5,OK
1492,42.62,9.05,-1.38,0.67,0,-0.04,-9.8,OK
1517,12.55,11.76,-2.88,0.29,-1.4,-0.04,-13,NEQ
1544,50.05,8.69,-3.68,0.01,0,-0.03,-12.4,OK
1575,16.36,11.18,-4.28,0,0,-0.04,-15.5,NEQ OLS
1580,32.58,9.64,-4.78,0,0,-0.07,-14.5,NEQ OLS
1593,819.98,2.48,-10.18,1.15,0,-1.19,-12.7,NEQ
1600,122.74,6.7,-7.08,0.67,-2,-1.19,-12.3,NEQ
1619,34.69,9.5,5.5,0,4.28,-0.03,-8.32,NEQ
1625,14.1,11.5,1.52,0,0,-0.03,-10.02,NEQ OLS
1628,22.21,10.5,0.52,0,0,-0.04,-10.02,NEQ OLS
1640,21.43,10.58,-1.38,0,0,-0.04,-12,NEQ
1670,73.24,7.84,-3.28,0,-0.6,-0.07,-10.6,NEQ
1697,60.11,8.28,-0.88,3.17,0,-0.04,-6.04,NEQ
1712,3943.08,-1.01,-3.58,0.67,0,-0.04,-1.94,OK
1751,64.55,8.13,2.62,0,0,-1.19,-6.7,OK
1776,69.12,7.97,-10.48,6.05,0,-0.03,-12.44,NEQ
1787,868.22,2.35,-8.08,1.52,-1.3,-1.19,-8.8,NEQ
1795,289.16,4.79,-3.58,3.17,0,-1.19,-6.4,NEQ OLS
1799,3697.6,-0.87,-7.68,0.01,-0.6,-1.19,-7.4,OLS
1829,5.05,13.78,4.96,0,5.64,-0.03,-14.5,NEQ
1847,28.07,9.98,-7.08,0,-1.7,-0.04,-15.4,NEQ
1875,127.65,6.61,-3.68,1.52,0,-0.03,-8.8,NEQ
1950,3.7,14.48,2.62,0.01,0,-0.04,-11.9,NEQ
1973,4630.69,-1.37,-6.78,0.01,0,-1.19,-6.6,CDS NEQ
