Title:,nifN_sy,,,,,,,
Algorithm: ,ReverseRBS,,,,,,,
Submit Date: ,06/15/2015,CPU Time: ,0:04:21.46,,,,,
Organism: ,Synechocystis sp. PCC 6803 (ACCTCCTTT)**,,,,,,,
mRNA sequence: ,ACGGAACCAATATACAGCACTGAAAGCAAAAATTCCTTTCTTAGATATTAACCAGGAACGTCACCATCCTTACGCCGGTTACATTGGGTTAGTGGAAATGGCCAGGGAGTTAAGCGAAGCAGTTTATAGTCCCATTTGGACTCAAGTTCGTAAACCCTCCCCTTGGGAGATATGGCAACAGGAACATGAAAGTTTATTGAACTTAGAAGCAGAAGGCGAGTAAGAGAGCAGAGGAGCAAAGGGAGCAGGGAGAAAAATAATGCACCCTAGACCCTACACCCTACACCCTACACCCTACACCCCACACCAAAGAAGGAGTAAACGGAAATGACCACTATCTTAAACCCCAACAAGTCCCTATCTGTCAACCCGTTAAAAATGAGTCAACCCCTTGGCGCGGCCTTAGCGTTTCTAGGGTTGCGGAAGATGATGCCTCTGTTTCATGGTTCCCAAGGATGCACAGCTTTTGCTAAAGTAGTCCTCGTGCGTCATTTTCGTGAGTCTATCCCTTTGTCGACGACTGCCATGACGGAAGTTAGCACTATTTTGGGGGGAGAGGATAATGTAGAACAGGCGATCTTAACAATCTTAGAAAAATATCAACCTCAGATCATTGGCCTGTTAACCACTGGGTTAACAGAGACGAGAGGAGATGATATGAAGCGTATCTTAAAGACGTTTCGAGATAAACATCCAGAACTCGATAGTTTCCCTGTTGTTTCTGTTTCTACTCCTGATTATAAGGGATCGTTGCAAGATGGTTACACTGCAGCCGTAGAAAGTATCGTCGCTGCTGACTATGGTAATGTACCTGATGACGAACCCCCAACCGTGGGAATGAAACCCCAAGTCACGGTATTGTGTGCCTCTCATTTGTCTCCTGGGGACGTAGAAGAACTGAAAACCGTCATTGAAGGGTTTGGTATCTCCCCTATTATGGTTCCTGACTTGTCTCGGTCTTTAGATGGTCATTTAGAAGATGATTATCACACAGTCACCACCGGAGGCACTAGCTTAACTCAATTAAAACAGTTAAACCGCTCTTGTTTAACTTTAGCTATTGGGGAAAGTATGCGTAAAGCTGCCACAATTTTACAAGAACGTTTCGGCACAAAATATAAAGTGTTTCCCCGTTTAGCTGGGTTAGATGCTGTTGATTCATTTTTATGGGAATTGTCCCAAATTTTAACCTCTCGTTGCGATCATCATTTTCCCATTGTGCCAAATGTTCCGGCTCATTTGCAACGACAACGCCGGCAGTTACAAGATGTTATTTTAGACACTCACTTCTATTTTGGTGGTAAAAAAGTGGCTCTAGCGTTAGAACCCGATTTACTCTATCAAACCGCTTGGTTATTAACAGAAATGGGGGCTAATATTCAAGCTGCTGTCACCACAACTAAGTCCCCCATCTTGGAAGATTTACCCATCGATAGTGTTACTATTGGTGACTTAGAAGACTTAGAAGAATTAGCAGTCGGTTCTGATTTAATTATTACGAATTCCCACGGTACTTCCTTAGCTAAACGTCTCAAAGCCCCATTATATAGAATGGGTTATCCTATCTTTGATCAACTGGGTTTAGGACAACGCTGTTTAGTGGGATATCGTGGCACCATGAAATTTTTATTTGATGTTGGCAATATTCTCCTAGAAGAAGAAGCCAAACATAGTCCCGTTGCTCTACATTAACACGGGTTTACTGTTTAAACTTTTCCCTTATTTCATTCATCTGAGAGGAAAAACATGAAAGTTGCATTTACTACTAGCGATAATGTCCATGTTAACGCTCACTTTGGTTGGGCGAAGAATATCGACTTATATGATGTGTCTCCTGACGGCTTCAATTTTGTCAATACCTTAGAGTTTGGTGGCGACTTAAAAGAAGATGGAAACGAAGACAAATTAGTCCCCAAATTAGAGGCATTAGATGGCTGTACTTTACTCTATGTTTCTGCGATCGGTGGCAGTGCAGCAGCCCGTTTAATCCGTCAAAATGT,,,,,,,
,,,,,,,,
Start Position,Translation Initiation Rate (au),dG_total (kcal/mol),dG_mRNA_rRNA (kcal/mol),dG_spacing (kcal/mol),dG_standby (kcal/mol),dG_start (kcal/mol),dG_mRNA (kcal/mol),Accuracy (warnings)
19,792.43,2.55,-3.58,3.17,0,-0.03,-3,NEQ
83,41.98,9.08,-4.58,0.01,0,-0.04,-13.7,NEQ
91,11.97,11.87,2.68,1.52,5.96,-0.07,-13.7,NEQ
97,75.49,7.78,-4.98,1.15,0,-1.19,-12.8,NEQ
135,19.41,10.8,-7.08,0,-1.6,-0.04,-16.32,NEQ
162,12.64,11.75,-3.08,0.67,0,-0.04,-14.2,NEQ
171,55.77,8.45,-5.98,1.52,0,-1.19,-14.1,NEQ
185,1657.65,0.91,-7.08,0.29,0,-1.19,-8.9,NEQ
196,1590.06,1.01,-5.18,2.4,0,-0.04,-3.83,OK
259,1099.61,1.83,-8.38,0,0,-1.19,-11.4,NEQ
327,172097.97,-9.4,-9.98,0.67,0,-1.19,-1.1,OK
361,2517,-0.02,2.92,0,4.5,-0.03,-1.6,OK
378,612.57,3.13,-4.18,0,0,-1.19,-8.5,NEQ
391,2.59,15.27,3.63,0.29,6.91,-0.04,-18.31,NEQ
417,1.17,17.03,-2.78,1.15,0,-0.04,-18.7,OK
426,69,7.98,-9.58,1.15,0,-1.19,-17.6,OLS
429,26.81,10.08,-7.98,1.15,0,-1.19,-18.1,OLS
435,26.1,10.14,-7.88,1.15,0,-0.03,-16.9,NEQ
442,31.07,9.75,-5.88,1.52,-2.7,-1.19,-12.6,NEQ
455,13.65,11.58,-4.48,1.15,-0.4,-1.19,-15.7,OK
466,24.83,10.25,-6.88,0.67,0,-0.04,-16.5,NEQ
483,22.68,10.45,-1.98,0.01,-0.5,-0.07,-12,OK
496,12.65,11.75,-1.48,0.67,0,-0.07,-12.63,NEQ
510,169.68,5.98,-6.48,0.67,0,-0.04,-11.83,NEQ
520,4.36,14.11,-0.78,0.29,0,-0.03,-14.64,NEQ OLS
525,3.72,14.46,-0.28,0,0,-1.19,-15.94,NEQ OLS
546,36.77,9.38,-4.68,2.4,0,-0.04,-11.7,NEQ
562,9657.9,-3,-12.78,0.67,0,-1.19,-10.3,NEQ
613,3.7,14.48,1.72,0.01,0,-0.04,-12.8,NEQ OLS
618,1.64,16.28,-0.28,0,0,-0.03,-16.6,NEQ OLS
628,0.3,20.06,-1.68,0.67,0,-0.03,-21.1,NEQ
652,483.66,3.65,-13.68,1.52,0,-1.19,-17,NEQ OLS
657,4387.88,-1.25,-12.68,1.52,0,-1.19,-11.1,NEQ OLS
712,123.12,6.69,0.54,0.01,4.32,-0.03,-10.5,OLS
715,84.16,7.54,-2.92,0,0,-0.04,-10.5,OLS
721,30.58,9.78,-0.68,0,0,-0.03,-10.5,OK
733,76.18,7.76,-2.68,1.15,0,-0.03,-9.32,NEQ
750,50.26,8.68,-4.78,0.01,0,-0.04,-13.5,NEQ
757,146.95,6.3,-6.68,0.67,0,-1.19,-13.5,NEQ
766,193.09,5.69,-8.68,0.01,0,-0.03,-14.4,NEQ
790,14.96,11.37,-3.08,0.29,0,-0.03,-14.2,NEQ OLS
793,11.95,11.87,-3.48,0.29,-0.9,-0.03,-14.2,NEQ OLS
799,16.73,11.13,0.12,0,0,-1.19,-12.2,NEQ
805,45.03,8.93,-5.58,0,-1.9,-1.19,-13.8,OK
811,280.96,4.86,-2.08,0.67,3.1,-0.03,-9.4,NEQ OLS
814,489.13,3.63,-5.68,0,-0.4,-1.19,-10.1,NEQ OLS
831,10.52,12.16,-1.48,0.67,0,-0.07,-13.04,NEQ
837,30.78,9.77,-2.08,0.01,0,-1.19,-13.04,NEQ
858,133.31,6.51,-7.78,0.29,-0.7,-0.04,-13.35,NEQ OLS
860,349.92,4.37,-8.98,1.52,0,-0.07,-11.9,OLS
862,282.57,4.84,-8.18,0,0,-0.07,-13.1,OLS
873,5.58,13.56,1.32,0.29,0,-0.04,-12,NEQ
880,9.82,12.31,-2.08,1.52,0,-0.03,-12.9,NEQ
897,551.85,3.36,-8.38,0.67,0,-0.03,-11.1,NEQ
910,33.79,9.56,-3.08,0.29,0,-0.04,-12.4,NEQ
919,17.9,10.98,0.52,0,-1.1,-0.04,-9.4,NEQ
936,91.2,7.36,-9.38,4.03,0,-1.19,-13.9,NEQ
943,78.69,7.68,-1.28,0,0,-0.03,-9,NEQ OLS
948,1191.06,1.65,-1.3,0.67,6.08,-0.04,-8.4,OLS
964,74.28,7.81,-3.78,0.29,0,-1.19,-12.5,NEQ
979,9.32,12.42,-5.48,2.4,0,-1.19,-16.7,NEQ
1043,3.11,14.86,0.02,0.29,0,-0.04,-14.6,NEQ
1060,15.64,11.28,-2.28,0,-4.9,-0.04,-8.7,OK
1071,503.58,3.56,-5.28,0.01,0,-1.19,-10.03,NEQ
1081,336.98,4.45,-5.68,3.17,0,-0.03,-7,OK
1122,60.41,8.27,-1.68,1.73,0,-0.07,-8.3,NEQ
1138,23.29,10.39,-1.88,0.01,0,-0.03,-12.3,NEQ
1147,693.27,2.85,-10.28,1.52,0,-1.19,-12.8,NEQ OLS
1150,717.73,2.77,-10.28,0.29,0,-0.03,-12.8,NEQ OLS
1153,41.56,9.1,-5.38,1.73,0,-0.04,-12.8,NEQ OLS
1166,60.66,8.26,-3.68,0.29,0,-1.19,-12.85,NEQ
1173,31.41,9.73,-0.18,0,0,-0.04,-9.95,NEQ
1196,222.48,5.38,-2.78,0,0,-0.04,-8.2,NEQ
1216,2.1,15.74,1.32,0.67,0,-0.04,-13.79,NEQ OLS
1218,1.6,16.33,2.62,0,0,-0.07,-13.79,NEQ OLS
1225,9.36,12.41,-0.18,0,0,-1.19,-13.79,NEQ
1239,72.05,7.88,-1.78,0.01,0,-0.04,-9.7,NEQ
1267,1724.61,0.82,-6.38,0,-1.4,-1.19,-7,NEQ
1294,44.98,8.93,-1.48,1.15,0,-0.04,-9.3,NEQ OLS
1297,16.55,11.15,1.92,0.01,0,-0.07,-9.3,NEQ OLS
1308,1501.93,1.13,-6.98,0.29,0,-0.07,-7.9,NEQ
1349,1.66,16.26,2.62,0.29,0,-0.04,-13.4,NEQ
1365,94.54,7.28,-1.68,1.15,0,-1.19,-9,NEQ
1384,263.09,5,-8.98,3.17,0,-0.03,-10.85,NEQ OLS
1387,135.16,6.48,-3.11,6.05,7.27,-0.03,-10.85,NEQ OLS
1413,298.71,4.72,0.49,0.01,5.87,-0.04,-10.14,NEQ
1435,17.35,11.04,-1.98,0,0,-0.07,-13.1,OK
1444,17.9,10.98,-2.18,0,-1,-0.04,-12.2,NEQ OLS
1447,25.41,10.2,-1.18,1.15,0,-0.07,-10.3,NEQ OLS
1483,290.82,4.78,-0.98,0.01,0,-0.03,-5.79,NEQ
1551,6.6,13.19,-1.78,1.73,0,-1.19,-14.44,NEQ
1567,86.26,7.48,1.52,0.01,5.4,-0.04,-11.4,NEQ
1575,23.29,10.39,-1.98,0.01,-0.7,-0.03,-11.7,NEQ
1592,277.44,4.88,-7.18,0,0,-0.03,-12.1,NEQ
1599,186.1,5.77,-5.18,1.73,0,-0.07,-9.3,OK
1609,337.5,4.45,-5.68,0.01,-0.8,-0.07,-9.4,NEQ
1617,55.69,8.45,-5.68,1.73,-0.5,-1.19,-13.1,NEQ
1630,4.04,14.28,-2.18,0.01,-0.7,-0.04,-15.8,NEQ OLS
1633,16.82,11.11,-2.68,0.29,-1.2,-1.19,-13.5,OLS
1636,15.6,11.28,-3.18,0.01,0,-0.04,-14.5,NEQ OLS
1678,132.87,6.52,4.76,0.01,6.34,-0.04,-8.14,NEQ
1702,529.23,3.45,-4.98,1.52,0,-0.03,-6.94,NEQ
1732,33.38,9.59,2.62,0.01,0,-0.03,-7,NEQ
1746,1099.61,1.82,-6.18,0,0,-1.19,-9.2,OK
1753,1014.73,2,-7.08,1.73,0,-0.04,-7.4,NEQ
1774,22.67,10.45,3.48,1.52,5.16,-1.19,-11.8,NEQ
1780,84.56,7.53,-1.38,0,0,-1.19,-10.1,OK
1795,1.44,16.58,1.62,0,0,-0.04,-15,NEQ OLS
1799,7.53,12.9,-2.58,1.52,0,-0.04,-14,NEQ OLS
1822,105.64,7.03,-4.48,0.01,0,-1.19,-12.7,NEQ OLS
1825,67.52,8.02,-1.98,0,0,-1.19,-11.2,NEQ OLS
1827,30.15,9.82,-1.98,0.67,0,-0.07,-11.2,NEQ OLS
1834,117.98,6.78,-3.78,0,-1,-0.03,-9.6,NEQ
1849,69.92,7.95,-2.38,0.67,0,-0.04,-9.7,OK
1867,14.29,11.48,-0.78,0,0,-0.04,-12.3,NEQ OLS
1870,114.6,6.85,-3.38,0.01,0,-0.07,-10.3,NEQ OLS
1888,42.25,9.07,-5.28,4.99,0,-1.19,-10.55,NEQ
1930,1506.8,1.13,-6.88,0,0,-1.19,-9.2,NEQ OLS
1934,222.73,5.37,-0.88,0.29,6,-0.03,-12,NEQ OLS
1948,5.43,13.63,-4.38,2.4,0,-1.19,-16.8,NEQ
1954,0.34,19.79,1.52,0.01,0,-0.03,-18.3,NEQ
1963,1.46,16.54,1.62,0,0,-0.07,-15,CDS NEQ
1969,83.63,7.55,-3.38,0.01,0,-0.07,-11,CDS NEQ
1996,3867.81,-0.97,-4.28,0.01,0,-1.19,-4.5,CDS NEQ
