Title:,nifS_sy,,,,,,,
Algorithm: ,ReverseRBS,,,,,,,
Submit Date: ,06/15/2015,CPU Time: ,0:03:31.93,,,,,
Organism: ,Synechocystis sp. PCC 6803 (ACCTCCTTT)**,,,,,,,
mRNA sequence: ,TATGGAACCCCCCAGTGTGCCTCGGTATGTCCGACCAACTCTGCTTGTTTACCGTCTTATCAAGTCACTGGGGGCAGTGAAAACCAAATGGCTGACTATTGGGATATTTGGTTTAACCGTTATCACAACTTAGTCAGCAACCTCAAAGGAAAACAAACAAGTCCTTACTGGGAACAGTGGTTTGATGCTTACTCCCAAGAAATTTCAACCTTAATGACAGCTAATAGTTAAGCATAAGGCAATAGGCAACAGGCAACAGCGTTAAACCTCTCCTGACTCCTGACTCCTGACTCCTGACTCCTGACTCCAAGACTTCTGGTACAAACTGATGAGAGACTGTATATATCTAGACAATAATGCAACCACCCAAATAGACGAGGAAGTGCTGGGCGCAATGATGCCCTATCTTACCCTCTATTATGGCAACCCCTCCAGTATGCACACCTTCGGTGGACAAGTGGGAAAAGCCGTTAAAACCGCCAGGGAACAAGTCGCATCCTTACTCGGTGCCGAACCTTCAGAAATTATTTTTACCAGTTGCGGAACCGAAGGGGATAATGCAGCTATCCGTGCAGCCCTCACCGCTCAACCTAATAAACGTCATATTATTACAACAGAAGTAGAACATCCTGCGGTTTTAAACCTTTGCAGACATTTAGAAAAACAAGGATATACTGTCACTTATCTAGGGGTAGATAGTCAAGGAAGATTGGATCTCGATGAAGTGCAAGCTTCTATCACTGGTGGCACCGCTCTTGTTACCATCATGTACGCTAACAATGAAACTGGTGTCGTCTTCCCCATCGAACAAGTGGGAGCTTTAGCCAAAGAATATGGAGCCTTATTCCATGTTGATGCAGTGCAAGCTGTAGGGAAAATTCCTCTAGACATGAGCAGTAGCACCATCGATATGCTCACCCTCTCCGGTCATAAAGTTCATGGGCCTAAAGGCATTGGTGCTTTATATGTGCGTAAAGGAACCCGTTTTCGTCCCTTTATGGTGGGAGGCCATCAAGAAAGGGGCCGCCGCGCCGGAACGGAAAATGTACCTGGTATCGTAGCATTAGGGAAAGCTTGTGAATTAGCAGAATCTCACCTCGCTAATATCTCTCACGAAAGACAATTAAGAGATTATTTAGAAACCAGCATTCTCACCCTAATTCCTGATACAGTAGTAAATGGAAGCACAAAAGAAAGATTACCTAACACCACTAATATTGGTTTTAAATATATCGAAGGCGAAGCCATTTTACTCTCCATGAATCAGTACGGCATCTGTGCCTCTTCTGGTTCGGCTTGTACCTCTGGTTCCCTTGAACCTTCTCATGTCTTAAGAGCTATGGGACTCCCCTATAGTGTTCTGCACGGTTCCATTCGCTTTAGTCTCTCTCGCTATACCACCCAGGATGAGATCGACCGTGTCATTGAAGTTTTACCTGATACCATTGCACGTTTGCGATCGCTGTCTCCCTTTAGTAGCGATGACGCAACCTGGTTACAAGAACAAGAAAAAGCAACTTTAGCTAAGTAGGAGTCAGGAGCGGTCAGACCCCGCGCCGCCGAAGGGCGCAAGGGAATGCTGACCAAGAGAGTCAGGACTCAGGAGTCAGAATAAATATCTCCCCAGACTCCCCACCCCTCCCACACTTCCTATCTTTAACCCAACCAATAATTAACTTGACAACTAATATCTGGTAACTGCTCATGTGGGAATATACAGACAAAGTAATGGATCTCTTCTATAATCCTCGTAATCAAGGAACGATTACGGAGAAAGGAGAAGGACAAGCAATCACAACCGGAGAAGTGGGTAGTATTGCTTGTGGTGATGCCCTAAGATTACATTTAAAAGTGGATGAAAAAACAGAGATTATCTTAGATGCACGGTTTCAAACCTTTGGGTGTGCTTCTGCGATCGCT,,,,,,,
,,,,,,,,
Start Position,Translation Initiation Rate (au),dG_total (kcal/mol),dG_mRNA_rRNA (kcal/mol),dG_spacing (kcal/mol),dG_standby (kcal/mol),dG_start (kcal/mol),dG_mRNA (kcal/mol),Accuracy (warnings)
1,2.13,15.7,-1.48,12.18,0,-1.19,-6.2,OK
14,215.7,5.44,-3.58,0,0,-0.07,-9.1,NEQ OLS
16,77.59,7.72,-3.58,0.67,0,-0.07,-10.7,NEQ OLS
26,25.63,10.18,-1.18,1.15,0,-1.19,-11.4,NEQ
40,0.13,21.93,-2.68,1.52,-0.7,-0.03,-22.42,NEQ OLS
44,5.83,13.47,-2.08,0.67,4.2,-0.04,-19.12,NEQ OLS
67,10.43,12.17,4.59,0,4.17,-0.03,-11.79,NEQ
76,73.08,7.85,-5.1,1.52,0,-0.07,-11.5,OK
87,48.57,8.76,-9.08,4.03,0,-1.19,-15,OLS
91,6.72,13.15,-4.98,3.17,0,-0.03,-15,OLS
98,90.93,7.36,-7.88,0.29,0,-0.04,-15,OK
107,4.8,13.9,-6.28,1.52,-1.2,-0.04,-17.5,NEQ
167,34.25,9.53,-6.98,6.05,0,-0.03,-10.5,NEQ
176,186.35,5.77,-5.18,1.52,-0.9,-0.07,-8.6,OLS
181,873.9,2.34,-6.18,0,0,-0.04,-8.56,NEQ OLS
184,1301.77,1.45,-7.58,1.52,-1.7,-1.19,-7,OLS
213,116.5,6.81,0.42,0.29,0,-1.19,-7.3,NEQ
272,9.12,12.47,0.82,0.29,0,-0.03,-11.4,NEQ
279,25.87,10.16,0.82,0.67,0,-0.03,-8.7,NEQ
286,504.35,3.56,-0.48,0.67,0,-0.03,-3.4,NEQ
293,1133.82,1.76,-0.28,0.67,0,-0.03,-1.4,NEQ
300,199.57,5.62,-0.28,0.67,0,-0.03,-5.26,NEQ
315,637.33,3.04,-0.28,1.15,0,-0.03,-2.2,NEQ
325,2300.35,0.18,-3.38,0,0,-0.03,-3.6,NEQ OLS
328,2308.58,0.18,-3.38,1.15,0,-1.19,-3.6,NEQ OLS
336,622.22,3.09,-0.48,0.01,0,-0.03,-3.6,NEQ
356,1313.35,1.43,0.02,0.01,0,-1.19,-2.6,OK
382,9.22,12.45,-0.28,0.01,0,-0.07,-12.8,NEQ OLS
385,59.92,8.29,-6.48,0.01,0,-0.03,-14.8,NEQ OLS
394,14.62,11.43,-7.58,2.4,0,-1.19,-17.8,NEQ OLS
397,6.84,13.11,-3.78,0.29,0,-1.19,-17.8,NEQ OLS
419,387.07,4.15,-5.38,0,0,-1.19,-10.72,NEQ
436,8.41,12.65,-1.88,1.73,0,-1.19,-14,NEQ
449,2.29,15.54,1.62,0,0,-0.07,-14,NEQ
457,72.43,7.87,-5.28,1.52,0,-0.07,-11.7,NEQ
506,66.94,8.04,-0.88,2.4,0,-0.07,-6.6,OK
537,4.29,14.15,-0.78,0.67,0,-0.04,-14.3,NEQ
557,64.39,8.13,-3.28,0.01,0,-1.19,-12.6,NEQ
569,56.11,8.44,-9.08,4.99,0,-0.07,-12.6,NEQ
629,1039.34,1.95,-3.18,0.01,0,-0.03,-5.16,NEQ
645,128.02,6.6,-3.38,1.73,0,-0.04,-8.3,NEQ
674,362.58,4.29,-3.28,0.01,0,-0.03,-7.6,NEQ
709,47.63,8.8,-8.48,1.52,-2.6,-0.04,-13.2,NEQ
719,151.79,6.22,-0.78,0,5.9,-1.19,-14.1,NEQ OLS
724,101.64,7.12,-6.38,0.67,0,-0.07,-12.9,NEQ OLS
740,14.2,11.49,-0.88,0.01,0,-0.03,-12.4,OLS
743,10.71,12.12,-0.88,0.67,0,-0.07,-12.4,OLS
755,506.49,3.55,-8.38,0.67,0,-0.04,-11.3,OK
766,13.53,11.6,-2.88,0.67,-1.6,-1.19,-13.4,NEQ
779,10.2,12.22,1.52,0,0,-1.19,-11.9,NEQ
785,4.47,14.06,1.62,0.67,0,-0.03,-11.8,NEQ OLS
788,16.59,11.14,0.52,0,-0.9,-0.07,-9.8,NEQ OLS
811,18.11,10.95,1.02,0.01,-0.6,-0.07,-9.4,NEQ
833,26.18,10.13,-4.38,0.01,0,-1.19,-15.7,NEQ
848,65.37,8.1,-2.28,0.67,5.9,-1.19,-16.8,NEQ OLS
851,86.46,7.48,-2.04,2.4,6.94,-0.04,-14.1,NEQ OLS
854,37.75,9.32,-8.18,4.99,0,-1.19,-13.7,OLS
859,10.09,12.25,-0.88,0.01,0.5,-0.07,-13.7,OLS
866,60.07,8.28,-5.98,0,0,-0.03,-14.3,NEQ
889,45.03,8.92,-4.08,0,0,-1.19,-14.2,NEQ
910,84.56,7.53,-0.98,0,-0.4,-1.19,-9.3,NEQ
938,41.68,9.1,-2.68,0.67,0,-1.19,-12.3,NEQ
953,42.31,9.06,-3.28,0.29,0,-0.04,-12.1,NEQ OLS
956,48.73,8.75,-5.28,0.01,-1.9,-0.07,-12.2,OLS
965,18.54,10.9,-5.38,0.67,0,-1.19,-16.8,OLS
967,18.75,10.87,-5.38,1.73,0,-0.07,-14.6,OLS
997,0.36,19.66,4.62,0.29,5.1,-1.19,-21.05,NEQ OLS
1000,0.57,18.65,-3.08,0.01,0,-0.07,-21.8,OLS
1043,214.15,5.46,-7.28,0.01,-3.7,-1.19,-10.23,NEQ
1049,1466.7,1.18,-7.28,0,0,-0.03,-8.5,NEQ
1074,141.85,6.38,-4.08,0,-0.8,-0.04,-9.7,NEQ OLS
1076,225.09,5.35,-5.08,0.01,-0.8,-0.07,-9.7,NEQ OLS
1163,76.59,7.74,2.62,0,0,-0.03,-5.16,NEQ
1178,435.12,3.89,-0.08,0,0,-1.19,-5.16,NEQ
1217,371.62,4.24,0.72,0,0,-0.04,-3.56,OK
1258,32.45,9.65,-4.08,1.73,0,-1.19,-13.2,OK
1275,0.47,19.07,0.02,0.29,0,-0.03,-18.8,NEQ OLS
1277,1.16,17.05,-1.68,0.01,0,-0.07,-18.8,NEQ OLS
1286,5.35,13.66,-4.08,0.67,0,-0.03,-17.1,OK
1296,57.67,8.38,-7.18,0,0,-0.04,-15.6,NEQ
1304,70.25,7.94,-6.78,1.15,0,-0.03,-13.6,NEQ
1313,43.92,8.98,-0.98,0.01,4.6,-0.04,-14.6,NEQ
1325,16.73,11.13,-2.78,0,0,-1.19,-15.1,NEQ
1339,19.96,10.73,-3.28,0.29,0,-1.19,-14.92,NEQ
1355,41.32,9.12,-5.18,0.67,0,-0.07,-13.7,NEQ OLS
1360,8.97,12.51,-4.28,1.52,-1.6,-0.03,-13.7,NEQ OLS
1406,35.96,9.43,2.62,0,0,-1.19,-8,NEQ
1418,302.04,4.7,-5.18,1.15,0,-0.07,-8.8,OK
1424,202.84,5.58,3.12,0.01,5.9,-0.04,-8.4,NEQ
1436,5.05,13.78,-4.08,0,-2.2,-0.03,-15.7,NEQ
1445,10.43,12.18,0.59,2.4,4.67,-0.04,-13.9,NEQ
1453,1.9,15.96,0.9,0.01,3.2,-0.04,-18.3,NEQ
1462,3.37,14.68,0.32,0,0,-0.03,-14.4,NEQ
1481,16.69,11.13,-1.08,0.01,0,-1.19,-13.4,NEQ
1491,279.32,4.87,-6.28,1.52,-1.1,-0.03,-8.56,OK
1576,2.66,15.21,-4.81,0.29,5.07,-1.19,-26,NEQ OLS
1579,9.82,12.31,-12.18,1.52,-0.6,-0.03,-22.4,OLS
1677,88.43,7.43,0.92,0,0,-0.04,-6.55,NEQ
1691,224.34,5.36,-0.28,0.67,0,-0.03,-5,OK
1698,112.52,6.89,1.72,0.01,0,-0.03,-5.2,NEQ
1704,938.51,2.18,-3.38,1.15,0,-1.19,-5.6,NEQ OLS
1706,327.52,4.52,-1.68,0.67,0,-0.07,-5.6,NEQ OLS
1728,1313.35,1.43,-3.98,0.01,0,-1.19,-6.6,OK
1806,2.26,15.57,-1.68,1.52,0,-0.07,-15.8,NEQ
1816,169.42,5.98,-8.78,0.01,0,-0.04,-14.8,NEQ OLS
1820,217.33,5.43,-8.78,1.15,0,-0.04,-13.1,NEQ OLS
1822,580.57,3.24,-8.78,2.4,0,-0.07,-9.7,OLS
1825,271.11,4.94,-9.48,4.99,0,-0.07,-9.5,NEQ OLS
1828,198.37,5.63,-1.98,0.01,-0.1,-1.19,-8.7,NEQ OLS
1851,100.82,7.13,-0.18,0,0,-0.07,-7.39,NEQ OLS
1855,59.12,8.32,1.82,0.01,-0.1,-1.19,-7.59,NEQ OLS
1879,151.79,6.22,2.32,0,4.9,-1.19,-10,OK
1897,30.33,9.8,-3.38,1.73,0,-0.04,-11.5,CDS NEQ OLS
1901,10.58,12.14,-1.68,2.4,0,-0.07,-11.5,CDS NEQ OLS
1903,7.36,12.95,1.72,0.01,0,-0.07,-11.3,CDS NEQ OLS
1909,382.23,4.17,-5.18,0.29,-0.2,-0.03,-8.9,CDS NEQ
