Title:,nifS_cy,,,,,,,
Algorithm: ,ReverseRBS,,,,,,,
Submit Date: ,06/15/2015,CPU Time: ,0:06:2.42,,,,,
Organism: ,Cyanothece sp. ATCC 51142 (ACCTCCTTA)**,,,,,,,
mRNA sequence: ,TATGGAACCCCCCAGTGTGCCTCGGTATGTCCGACCAACTCTGCTTGTTTACCGTCTTATCAAGTCACTGGGGGCAGTGAAAACCAAATGGCTGACTATTGGGATATTTGGTTTAACCGTTATCACAACTTAGTCAGCAACCTCAAAGGAAAACAAACAAGTCCTTACTGGGAACAGTGGTTTGATGCTTACTCCCAAGAAATTTCAACCTTAATGACAGCTAATAGTTAAGCATAAGGCAATAGGCAACAGGCAACAGCGTTAAACCTCTCCTGACTCCTGACTCCTGACTCCTGACTCCTGACTCCAAGACTTCTGGTACAAACTGATGAGAGACTGTATATATCTAGACAATAATGCAACCACCCAAATAGACGAGGAAGTGCTGGGCGCAATGATGCCCTATCTTACCCTCTATTATGGCAACCCCTCCAGTATGCACACCTTCGGTGGACAAGTGGGAAAAGCCGTTAAAACCGCCAGGGAACAAGTCGCATCCTTACTCGGTGCCGAACCTTCAGAAATTATTTTTACCAGTTGCGGAACCGAAGGGGATAATGCAGCTATCCGTGCAGCCCTCACCGCTCAACCTAATAAACGTCATATTATTACAACAGAAGTAGAACATCCTGCGGTTTTAAACCTTTGCAGACATTTAGAAAAACAAGGATATACTGTCACTTATCTAGGGGTAGATAGTCAAGGAAGATTGGATCTCGATGAAGTGCAAGCTTCTATCACTGGTGGCACCGCTCTTGTTACCATCATGTACGCTAACAATGAAACTGGTGTCGTCTTCCCCATCGAACAAGTGGGAGCTTTAGCCAAAGAATATGGAGCCTTATTCCATGTTGATGCAGTGCAAGCTGTAGGGAAAATTCCTCTAGACATGAGCAGTAGCACCATCGATATGCTCACCCTCTCCGGTCATAAAGTTCATGGGCCTAAAGGCATTGGTGCTTTATATGTGCGTAAAGGAACCCGTTTTCGTCCCTTTATGGTGGGAGGCCATCAAGAAAGGGGCCGCCGCGCCGGAACGGAAAATGTACCTGGTATCGTAGCATTAGGGAAAGCTTGTGAATTAGCAGAATCTCACCTCGCTAATATCTCTCACGAAAGACAATTAAGAGATTATTTAGAAACCAGCATTCTCACCCTAATTCCTGATACAGTAGTAAATGGAAGCACAAAAGAAAGATTACCTAACACCACTAATATTGGTTTTAAATATATCGAAGGCGAAGCCATTTTACTCTCCATGAATCAGTACGGCATCTGTGCCTCTTCTGGTTCGGCTTGTACCTCTGGTTCCCTTGAACCTTCTCATGTCTTAAGAGCTATGGGACTCCCCTATAGTGTTCTGCACGGTTCCATTCGCTTTAGTCTCTCTCGCTATACCACCCAGGATGAGATCGACCGTGTCATTGAAGTTTTACCTGATACCATTGCACGTTTGCGATCGCTGTCTCCCTTTAGTAGCGATGACGCAACCTGGTTACAAGAACAAGAAAAAGCAACTTTAGCTAAGTAGGAGTCAGGAGCGGTCAGACCCCGCGCCGCCGAAGGGCGCAAGGGAATGCTGACCAAGAGAGTCAGGACTCAGGAGTCAGAATAAATATCTCCCCAGACTCCCCACCCCTCCCACACTTCCTATCTTTAACCCAACCAATAATTAACTTGACAACTAATATCTGGTAACTGCTCATGTGGGAATATACAGACAAAGTAATGGATCTCTTCTATAATCCTCGTAATCAAGGAACGATTACGGAGAAAGGAGAAGGACAAGCAATCACAACCGGAGAAGTGGGTAGTATTGCTTGTGGTGATGCCCTAAGATTACATTTAAAAGTGGATGAAAAAACAGAGATTATCTTAGATGCACGGTTTCAAACCTTTGGGTGTGCTTCTGCGATCGCT,,,,,,,
,,,,,,,,
Start Position,Translation Initiation Rate (au),dG_total (kcal/mol),dG_mRNA_rRNA (kcal/mol),dG_spacing (kcal/mol),dG_standby (kcal/mol),dG_start (kcal/mol),dG_mRNA (kcal/mol),Accuracy (warnings)
1,2.13,15.7,-1.48,12.18,0,-1.19,-6.2,OK
14,215.7,5.44,-3.58,0,0,-0.07,-9.1,NEQ OLS
16,77.59,7.72,-3.58,0.67,0,-0.07,-10.7,NEQ OLS
26,25.63,10.18,-1.18,1.15,0,-1.19,-11.4,NEQ
40,0.13,21.93,-2.68,1.52,-0.7,-0.03,-22.42,NEQ OLS
44,5.83,13.47,-2.08,0.67,4.2,-0.04,-19.12,NEQ OLS
67,10.43,12.17,4.59,0,4.17,-0.03,-11.79,NEQ
76,73.08,7.85,-5.1,1.52,0,-0.07,-11.5,OK
87,48.57,8.76,-9.08,4.03,0,-1.19,-15,OLS
91,5.36,13.65,-4.48,3.17,0,-0.03,-15,OLS
98,90.93,7.36,-7.88,0.29,0,-0.04,-15,OK
107,4.8,13.9,-6.28,1.52,-1.2,-0.04,-17.5,NEQ
167,23.34,10.38,-0.08,0,0,-0.03,-10.5,NEQ
176,186.35,5.77,-5.18,1.52,-0.9,-0.07,-8.6,OLS
181,873.9,2.34,-6.18,0,0,-0.04,-8.56,NEQ OLS
184,1301.77,1.45,-7.58,1.52,-1.7,-1.19,-7,OLS
213,109.39,6.95,-0.88,1.73,0,-1.19,-7.3,NEQ
272,9.12,12.47,0.82,0.29,0,-0.03,-11.4,NEQ
279,24.95,10.24,0.42,1.15,0,-0.03,-8.7,NEQ
286,519.71,3.49,0.12,0.01,0,-0.03,-3.4,NEQ
293,1168.35,1.69,0.32,0.01,0,-0.03,-1.4,NEQ
300,205.65,5.55,0.32,0.01,0,-0.03,-5.26,NEQ
315,817.06,2.48,0.32,0,0,-0.03,-2.2,NEQ
325,2300.35,0.18,-3.38,0,0,-0.03,-3.6,NEQ OLS
328,2308.58,0.18,-3.38,1.15,0,-1.19,-3.6,NEQ OLS
336,622.22,3.09,-0.48,0.01,0,-0.03,-3.6,NEQ
356,1313.35,1.43,0.02,0.01,0,-1.19,-2.6,OK
382,9.22,12.45,-0.28,0.01,0,-0.07,-12.8,NEQ OLS
385,52.35,8.59,-6.18,0.01,0,-0.03,-14.8,NEQ OLS
394,14.62,11.43,-7.58,2.4,0,-1.19,-17.8,NEQ OLS
397,5.46,13.61,-3.28,0.29,0,-1.19,-17.8,NEQ OLS
419,387.07,4.15,-5.38,0,0,-1.19,-10.72,NEQ
436,8.41,12.65,-1.88,1.73,0,-1.19,-14,NEQ
449,2.62,15.24,1.32,0,0,-0.07,-14,NEQ
457,72.43,7.87,-5.28,1.52,0,-0.07,-11.7,NEQ
506,66.94,8.04,-0.88,2.4,0,-0.07,-6.6,OK
537,2.86,15.05,0.12,0.67,0,-0.04,-14.3,NEQ
557,64.39,8.13,-3.28,0.01,0,-1.19,-12.6,NEQ
569,31.26,9.74,-7.78,4.99,0,-0.07,-12.6,NEQ
629,578.99,3.25,-1.88,0.01,0,-0.03,-5.16,NEQ
645,128.02,6.6,-3.38,1.73,0,-0.04,-8.3,NEQ
674,362.58,4.29,-3.28,0.01,0,-0.03,-7.6,NEQ
709,47.63,8.8,-8.48,1.52,-2.6,-0.04,-13.2,NEQ
719,138.73,6.42,-2.98,2.4,5.9,-1.19,-14.1,NEQ OLS
724,101.64,7.12,-6.38,0.67,0,-0.07,-12.9,NEQ OLS
740,14.2,11.49,-0.88,0.01,0,-0.03,-12.4,OLS
743,10.71,12.12,-0.88,0.67,0,-0.07,-12.4,OLS
755,506.49,3.55,-8.38,0.67,0,-0.04,-11.3,OK
766,13.53,11.6,-2.88,0.67,-1.6,-1.19,-13.4,NEQ
779,10.2,12.22,1.52,0,0,-1.19,-11.9,NEQ
785,5.12,13.76,1.32,0.67,0,-0.03,-11.8,NEQ OLS
788,28.47,9.94,0.22,0,0,-0.07,-9.8,NEQ OLS
811,18.11,10.95,1.02,0.01,-0.6,-0.07,-9.4,NEQ
833,26.18,10.13,-4.38,0.01,0,-1.19,-15.7,NEQ
848,65.37,8.1,-2.28,0.67,5.9,-1.19,-16.8,NEQ OLS
851,86.46,7.48,-2.04,2.4,6.94,-0.04,-14.1,NEQ OLS
854,37.75,9.32,-8.18,4.99,0,-1.19,-13.7,OLS
859,10.09,12.25,-0.88,0.01,0.5,-0.07,-13.7,OLS
866,60.07,8.28,-5.98,0,0,-0.03,-14.3,NEQ
889,41.75,9.09,-8.98,3.17,-1.9,-1.19,-14.2,NEQ
910,84.56,7.53,-0.98,0,-0.4,-1.19,-9.3,NEQ
938,41.68,9.1,-2.68,0.67,0,-1.19,-12.3,NEQ
953,42.31,9.06,-3.28,0.29,0,-0.04,-12.1,NEQ OLS
956,48.73,8.75,-5.28,0.01,-1.9,-0.07,-12.2,OLS
965,12.36,11.8,-4.48,0.67,0,-1.19,-16.8,OLS
967,12.5,11.77,-4.48,1.73,0,-0.07,-14.6,OLS
997,0.36,19.66,4.62,0.29,5.1,-1.19,-21.05,NEQ OLS
1000,0.57,18.65,-3.08,0.01,0,-0.07,-21.8,OLS
1043,214.15,5.46,-7.28,0.01,-3.7,-1.19,-10.23,NEQ
1049,1466.7,1.18,-7.28,0,0,-0.03,-8.5,NEQ
1074,141.85,6.38,-4.08,0,-0.8,-0.04,-9.7,NEQ OLS
1076,400.5,4.07,-7.08,1.52,0,-0.07,-9.7,NEQ OLS
1163,76.59,7.74,2.62,0,0,-0.03,-5.16,NEQ
1178,435.12,3.89,-0.08,0,0,-1.19,-5.16,NEQ
1217,667.1,2.94,-0.58,0,0,-0.04,-3.56,OK
1258,18.08,10.95,-2.78,1.73,0,-1.19,-13.2,OK
1275,0.47,19.07,0.02,0.29,0,-0.03,-18.8,NEQ OLS
1277,1.16,17.05,-1.68,0.01,0,-0.07,-18.8,NEQ OLS
1286,5.35,13.66,-4.08,0.67,0,-0.03,-17.1,OK
1296,57.67,8.38,-7.18,0,0,-0.04,-15.6,NEQ
1304,70.25,7.94,-6.78,1.15,0,-0.03,-13.6,NEQ
1313,43.92,8.98,-0.98,0.01,4.6,-0.04,-14.6,NEQ
1325,16.73,11.13,-2.78,0,0,-1.19,-15.1,NEQ
1339,22.67,10.45,-3.28,0.01,0,-1.19,-14.92,NEQ
1355,41.32,9.12,-5.18,0.67,0,-0.07,-13.7,NEQ OLS
1360,8.97,12.51,-4.28,1.52,-1.6,-0.03,-13.7,NEQ OLS
1406,64.39,8.13,1.32,0.01,0,-1.19,-8,NEQ
1418,302.04,4.7,-5.18,1.15,0,-0.07,-8.8,OK
1424,272.18,4.93,2.12,1.15,6.7,-0.04,-8.4,NEQ
1436,5.05,13.78,-4.08,0,-2.2,-0.03,-15.7,NEQ
1445,5.81,13.48,1.89,2.4,4.67,-0.04,-13.9,NEQ
1453,1.9,15.96,0.9,0.01,3.2,-0.04,-18.3,NEQ
1462,3.37,14.68,0.32,0,0,-0.03,-14.4,NEQ
1481,16.69,11.13,-1.08,0.01,0,-1.19,-13.4,NEQ
1491,279.32,4.87,-6.28,1.52,-1.1,-0.03,-8.56,OK
1576,1.69,16.23,-2.31,0,6.27,-1.19,-26,NEQ OLS
1579,6.85,13.11,-13.78,1.52,-3,-0.03,-22.4,OLS
1677,77.68,7.71,0.92,0.29,0,-0.04,-6.55,NEQ
1691,231.18,5.29,0.32,0.01,0,-0.03,-5,OK
1698,201.98,5.59,0.42,0.01,0,-0.03,-5.2,NEQ
1704,938.51,2.18,-3.38,1.15,0,-1.19,-5.6,NEQ OLS
1706,327.52,4.52,-1.68,0.67,0,-0.07,-5.6,NEQ OLS
1728,1313.35,1.43,-3.98,0.01,0,-1.19,-6.6,OK
1806,2.26,15.57,-1.68,1.52,0,-0.07,-15.8,NEQ
1816,94.38,7.28,-7.48,0.01,0,-0.04,-14.8,NEQ OLS
1820,121.07,6.73,-7.48,1.15,0,-0.04,-13.1,NEQ OLS
1822,323.42,4.54,-7.48,2.4,0,-0.07,-9.7,OLS
1825,172.24,5.94,-5.88,2.4,0,-0.07,-9.5,NEQ OLS
1828,198.37,5.63,-1.98,0.01,-0.1,-1.19,-8.7,NEQ OLS
1851,147.67,6.29,-2.18,1.15,0,-0.07,-7.39,NEQ OLS
1855,68.19,8,1.12,0.29,-0.2,-1.19,-7.59,NEQ OLS
1879,141.76,6.38,1.32,1.15,4.9,-1.19,-10,OK
1897,30.33,9.8,-3.38,1.73,0,-0.04,-11.5,CDS NEQ OLS
1901,10.58,12.14,-1.68,2.4,0,-0.07,-11.5,CDS NEQ OLS
1903,7.36,12.95,1.72,0.01,0,-0.07,-11.3,CDS NEQ OLS
1909,382.23,4.17,-5.18,0.29,-0.2,-0.03,-8.9,CDS NEQ
