Title:,nifT_cy,,,,,,,
Algorithm: ,ReverseRBS,,,,,,,
Submit Date: ,06/15/2015,CPU Time: ,0:01:27.25,,,,,
Organism: ,Cyanothece sp. ATCC 51142 (ACCTCCTTA)**,,,,,,,
mRNA sequence: ,CAATTAAAATGACAATTAAGTTCCTGTCAGGTTTAGTAAGATAACTTAACCTATACTCAAACTATAAACTTTCTCAATAAGTAAGAAAAATAGTAGTAAAAAACTTGAAGAAAGGGGCTTAATTCAGTTATCAGTTACCAGTTAAATACTAAGATTTAATTTTCACTGTTCACTATTTAATTAAGCCCGAAAAACTGGAGGAAGACTAGAGACGTTTTGCGTCCAAGGTTTGGGGTAACTTTGTATCGTCATTAAGGTTAGGAAATTGTAATTCCCAACCATTAGCTAAGGTTAAAATTTTGCCGTCTCCTTCAATGGTTTCGTTAACCACTGCTTCCTCTAAATCTTTCTTAGGAACATAAACGGATAAATTTCCGGCATCTTCTCTGCTTAAGATCACTTTCATAGCGTAACTCCTAAAGTTAGTTAATTGTTGATAAGGAATCGGGAATAGTTGTTATCTGAAACTCCTGACTCCTGACTCCTGACTCCTCAGATTAAACCTGAGACTCTTGTAGAGAAGGTTCTTCGACAAATTCTTCCATATCTTCGTCATCGCCATCATCGATGAATGTCTCGTCTGCGGGAATTAATTCCTTGCGACGACAACCGACAACGTAACCTTTTTCGAGAAAATGAACTGCGTAGATGTAATAACTTTGCAGATAAGTTCCAATACCTACCACATAGCCCACATCGCCTTTTTTCGCTAAGGTTTCGCCCACTTCTTTACCCGGAAACGTCCCATCATTGCGAATCA,,,,,,,
,,,,,,,,
Start Position,Translation Initiation Rate (au),dG_total (kcal/mol),dG_mRNA_rRNA (kcal/mol),dG_spacing (kcal/mol),dG_standby (kcal/mol),dG_start (kcal/mol),dG_mRNA (kcal/mol),Accuracy (warnings)
8,70.46,7.93,2.62,0.01,0,-1.19,-6.5,NEQ
23,38.3,9.28,0.32,0,0,-0.03,-9,OK
104,902.68,2.26,-0.98,0.29,0,-0.04,-3,NEQ
165,631.62,3.06,-2.18,0.67,0,-0.03,-4.6,NEQ
194,1222.14,1.59,-5.78,0.01,0,-0.03,-7.4,OK
216,5.69,13.52,-9.48,6.05,0,-0.04,-17,NEQ
229,19.83,10.75,-1.58,0.67,-1.1,-0.04,-10.6,OK
240,6787.07,-2.22,-8.2,0.01,3.88,-0.04,-9.9,NEQ
265,653.63,2.98,-6.98,0.01,-0.5,-0.04,-9.5,NEQ
299,980.03,2.08,-8.68,0.01,0,-0.04,-10.8,NEQ
314,15.63,11.28,-1.08,1.15,0,-1.19,-12.4,NEQ
330,268.59,4.96,-1.68,1.15,0,-0.03,-5.52,OK
386,75.04,7.79,-3.08,0.01,-1.4,-0.03,-9.5,NEQ
430,124.61,6.66,0.02,0.29,0,-0.04,-6.4,NEQ OLS
433,204.43,5.56,-0.88,0.29,0,-0.04,-6.2,NEQ OLS
454,98.96,7.18,-7.48,0,0,-0.04,-14.7,NEQ
461,12.7,11.74,-1.58,1.15,4.8,-0.03,-17,NEQ
470,1.43,16.58,0.52,0,-1.1,-0.03,-15,NEQ
477,5.82,13.47,0.32,0.29,0,-0.03,-12.9,NEQ
484,211.28,5.49,0.32,0.01,0,-0.03,-5.2,NEQ
503,26.72,10.08,0.02,0,0,-0.03,-10.1,NEQ
512,60.32,8.28,-0.78,0,-1.2,-0.04,-7.9,NEQ
567,88.45,7.43,-1.28,0,0,-1.19,-9.9,NEQ OLS
571,0.82,17.83,2.62,0.01,0,-1.19,-16.4,OLS
580,0.61,18.48,-4.58,0,-4.5,-0.03,-18.6,NEQ
597,24.66,10.26,-6.08,0.29,0,-0.04,-16.1,NEQ
635,333.35,4.48,0.42,1.15,0,-1.19,-4.1,OLS
640,349.33,4.37,-2.88,0.29,0,-0.03,-7,OLS
648,182.72,5.81,-0.28,0.29,0,-1.19,-7,OK
659,150.26,6.25,-1.38,0.67,0,-0.04,-7,OK
750,412.52,4,-3.58,1.73,0,-0.04,-5.9,CDS NEQ
