Title:,nifU_ec,,,,,,,
Algorithm: ,ReverseRBS,,,,,,,
Submit Date: ,06/15/2015,CPU Time: ,0:02:17.86,,,,,
Organism: ,Escherichia coli 536 (ACCTCCTTA),,,,,,,
mRNA sequence: ,TTCTCATGTCTTAAGAGCTATGGGACTCCCCTATAGTGTTCTGCACGGTTCCATTCGCTTTAGTCTCTCTCGCTATACCACCCAGGATGAGATCGACCGTGTCATTGAAGTTTTACCTGATACCATTGCACGTTTGCGATCGCTGTCTCCCTTTAGTAGCGATGACGCAACCTGGTTACAAGAACAAGAAAAAGCAACTTTAGCTAAGTAGGAGTCAGGAGCGGTCAGACCCCGCGCCGCCGAAGGGCGCAAGGGAATGCTGACCAAGAGAGTCAGGACTCAGGAGTCAGAATAAATATCTCCCCAGACTCCCCACCCCTCCCACACTTCCTATCTTTAACCCAACCAATAATTAACTTGACAACTAATATCTGGTAACTGCTCATGTGGGAATATACAGACAAAGTAATGGATCTCTTCTATAATCCTCGTAATCAAGGAACGATTACGGAGAAAGGAGAAGGACAAGCAATCACAACCGGAGAAGTGGGTAGTATTGCTTGTGGTGATGCCCTAAGATTACATTTAAAAGTGGATGAAAAAACAGAGATTATCTTAGATGCACGGTTTCAAACCTTTGGGTGTGCTTCTGCGATCGCTTCTTCTTCTGCTTTAACCGAGTTACTGGTTGGCAAAACCTTAGATGAAGCCTTAAGTCTTACCAATAAAGAGATCGCTGACTTCTTAGGGGGTTTACCGGAAGAGAAAATGCACTGTTCGGTTATGGGACAAGAAGCCTTAGAAGCTGCTATCTTTAACTACAGAGGCATTCCCCTCGATAACCACGAAGATGATGAAGGGGCATTAATCTGTCGTTGCTTCGGAGTTACCGATAGTCGTATTCGTCGCATTGTCTTAGAAAATAATTTAACCACTGCTGAGCAAGTCACCAACTATGTCAAAGCAGGGGGTGGATGTGGCTCTTGTTTAGCGGATATCGATGATATGATTGCAGATATTCTGCAAGAGAAAGCCACCGCCGTTGCCGTTGCCACCGAAGTGGTTAAGGCAAAATCAGAAACCAAACCCTTAACCAACCTACAAAAAATTACCCTTATTCAACAAGTCTTAGAAGAAGAAATCAGACCCTTCTTAGCCAAAGATGGGGGAGACTTAGAATTAATCGATATCGAAGGAGACTTAGTGAAAGTCACCCTACAAGGAGCCTGTGGTTCCTGTGCCAGTAGTACCGCCACCCTCAAAGGAGGCATTGAAGCCAGACTCAAAGAGCGGGTTTCCCCAGAATTAACTGTCATTGCAGTGTAAGAGACAATCACTGAACACTGATGACTGAAAACTGATAACAAGGAGAACACCATGTTAATTCAAAAGAAAGGTAGAGAGCGATCGCCTCCATAAGCATCGCTTCTCACCGGACGTTAAGAGTTTCAACTCTCTCAACGTCACCTCTTGACCCAATGAGTAAAGTTTCACAGCCTTTACTCAGGTCTAGAAGCCTTCCCTAACTAATCAAGTTGGCTTCTTACCTCGGAAGACATCTACTGACGTAGCGTTCGAGGGTTCTAATGGGACGCAACTCCCAAGGTTTCCTAACCACAATACGAATCATCGTTACGTCAGCAACGGATCAACCTTCCAACTTTATACACTCACTGTCTAACAAGCGAGAATCAACTATG,,,,,,,
,,,,,,,,
Start Position,Translation Initiation Rate (au),dG_total (kcal/mol),dG_mRNA_rRNA (kcal/mol),dG_spacing (kcal/mol),dG_standby (kcal/mol),dG_start (kcal/mol),dG_mRNA (kcal/mol),Accuracy (warnings)
5,84.36,7.53,-1.08,0.01,0,-1.19,-9.8,OK
19,44.93,8.93,-0.98,0.01,0,-1.19,-11.1,NEQ
35,26.35,10.12,-5.28,0.67,-0.1,-0.07,-14.7,NEQ OLS
40,8.97,12.51,-4.28,1.52,-1.6,-0.03,-13.7,NEQ OLS
86,64.39,8.13,1.32,0.01,0,-1.19,-8,NEQ
98,302.04,4.7,-5.18,1.15,0,-0.07,-8.8,OK
104,272.18,4.93,2.12,1.15,6.7,-0.04,-8.4,NEQ
116,5.05,13.78,-4.08,0,-2.2,-0.03,-15.7,NEQ
125,5.81,13.48,1.89,2.4,4.67,-0.04,-13.9,NEQ
133,1.9,15.96,0.9,0.01,3.2,-0.04,-18.3,NEQ
142,3.37,14.68,0.32,0,0,-0.03,-14.4,NEQ
161,16.69,11.13,-1.08,0.01,0,-1.19,-13.4,NEQ
171,279.32,4.87,-6.28,1.52,-1.1,-0.03,-8.56,OK
256,1.69,16.23,-2.31,0,6.27,-1.19,-26,NEQ OLS
259,6.85,13.11,-13.78,1.52,-3,-0.03,-22.4,OLS
357,77.68,7.71,0.92,0.29,0,-0.04,-6.55,NEQ
371,231.18,5.29,0.32,0.01,0,-0.03,-5,OK
378,201.98,5.59,0.42,0.01,0,-0.03,-5.2,NEQ
384,938.51,2.18,-3.38,1.15,0,-1.19,-5.6,NEQ OLS
386,327.52,4.52,-1.68,0.67,0,-0.07,-5.6,NEQ OLS
408,1313.35,1.43,-3.98,0.01,0,-1.19,-6.6,OK
486,2.26,15.57,-1.68,1.52,0,-0.07,-15.8,NEQ
496,94.38,7.28,-7.48,0.01,0,-0.04,-14.8,NEQ OLS
500,121.07,6.73,-7.48,1.15,0,-0.04,-13.1,NEQ OLS
502,323.42,4.54,-7.48,2.4,0,-0.07,-9.7,OLS
505,172.24,5.94,-5.88,2.4,0,-0.07,-9.5,NEQ OLS
508,198.37,5.63,-1.98,0.01,-0.1,-1.19,-8.7,NEQ OLS
531,147.67,6.29,-2.18,1.15,0,-0.07,-7.39,NEQ OLS
535,68.19,8,1.12,0.29,-0.2,-1.19,-7.59,NEQ OLS
559,141.76,6.38,1.32,1.15,4.9,-1.19,-10,OK
577,12.33,11.8,-3.38,1.73,0,-0.04,-13.5,NEQ OLS
581,4.5,14.04,-1.68,2.4,0,-0.07,-13.4,NEQ OLS
583,7.36,12.95,1.72,0.01,0,-0.07,-11.3,NEQ OLS
589,313.57,4.61,-5.18,0.29,-0.2,-0.03,-9.34,NEQ
607,64.9,8.11,-3.68,1.73,0,-0.03,-10.1,OK
624,2.81,15.09,1.62,0.01,0,-0.03,-13.5,NEQ OLS
628,23.44,10.38,-2.88,0,0,-0.04,-13.3,NEQ OLS
643,322.58,4.55,-3.58,1.52,0,-1.19,-7.8,OK
676,96.12,7.24,-0.08,0.01,0,-0.03,-7.35,NEQ
708,501.32,3.57,-7.48,0.01,0,-1.19,-12.24,NEQ OLS
713,94.72,7.27,-6.28,0.29,0,-0.03,-13.3,NEQ OLS
723,77.7,7.71,-2.28,0.29,-1.5,-1.19,-9.4,NEQ
745,114.22,6.86,-5.68,0.67,-0.7,-0.03,-11.2,NEQ
790,8.52,12.63,5.26,0,6.24,-1.19,-14.8,NEQ OLS
793,6.2,13.33,-1.48,0.01,0,-1.19,-16,NEQ OLS
809,26.72,10.08,-7.78,0,0,-0.03,-17.9,NEQ
815,46.72,8.84,-7.78,3.17,0,-0.04,-13.5,NEQ
850,221.95,5.38,-4.88,0.01,0,-0.04,-10.3,NEQ
874,10.38,12.18,1.72,0,0,-0.03,-10.5,NEQ OLS
877,8.29,12.68,0.42,0,0,-0.03,-12.3,NEQ OLS
895,16.34,11.18,-2.28,1.15,0,-1.19,-13.5,NEQ
910,0.28,20.25,-0.48,0.01,-0.5,-0.07,-20.3,NEQ OLS
914,132.62,6.53,-5.28,0,-0.1,-1.19,-12.9,NEQ OLS
916,950.19,2.15,-11.98,0.01,0,-0.07,-14.2,NEQ OLS
923,387.33,4.14,-11.88,3.17,0,-0.04,-12.9,NEQ
940,40.06,9.19,-4.28,0,0,-1.19,-14.66,NEQ OLS
945,1.74,16.16,-3.58,0.67,0,-1.19,-20.26,NEQ OLS
949,0.6,18.5,-3.58,3.17,0,-0.04,-18.96,NEQ OLS
960,4.15,14.22,0.32,0,0,-0.03,-13.94,NEQ
982,7.59,12.88,-7.48,0.01,0,-0.04,-20.4,OK
988,2.64,15.23,-0.08,0,0,-0.04,-15.35,NEQ
999,2.5,15.35,1.62,0.01,0,-0.07,-13.8,OK
1102,101,7.13,-3.68,0.01,-2.9,-1.19,-9.1,NEQ
1143,3975.69,-1.03,-16.68,1.52,0,-0.07,-14.2,OK
1166,7.49,12.91,-3.78,1.52,0,-0.03,-15.2,OLS
1168,137.2,6.45,-8.68,0.01,0,-0.07,-15.2,OLS
1175,913.54,2.24,-14.68,1.15,0,-0.03,-15.8,OLS
1177,286.16,4.82,-11.58,0.67,0,-0.07,-15.8,OLS
1210,82.46,7.58,-6.38,0.01,0,-0.04,-14,OK
1249,496.84,3.59,-3.88,0.01,0,-0.03,-7.5,OK
1255,28.42,9.95,-1.98,0.67,-1.1,-0.04,-10.2,NEQ OLS
1260,15.86,11.24,-1.58,0,0,-0.07,-12.9,NEQ OLS
1276,242.4,5.18,-5.68,0,0,-0.03,-10.9,NEQ
1283,54.21,8.51,-4.08,1.73,0,-0.03,-10.9,NEQ OLS
1286,35.56,9.45,2.53,1.52,6.01,-1.19,-12.6,NEQ OLS
1290,35,9.48,-0.78,0,0,-0.03,-10.3,OLS
1297,496.84,3.59,-0.98,0.01,0,-0.03,-4.6,OK
1317,26786.05,-5.27,-6.14,0.01,4.04,-1.19,-6.1,OK
1410,3.56,14.56,-3.98,0.29,-0.9,-0.04,-17.4,OK
1418,10.64,12.13,-1.88,0.01,0,-1.19,-15.2,NEQ
1475,2.8,15.1,-1.78,1.52,0,-0.04,-15.4,NEQ
1502,57.73,8.37,-6.48,0.29,0,-0.03,-14.6,NEQ
1526,878.04,2.32,-9.98,0,-0.8,-1.19,-12.7,OK
1613,221.54,5.38,1.72,0,0,-0.03,-3.7,CDS
1637,9588.6,-2.99,-4.88,0.29,0,-1.19,-2.8,CDS
