Title:,nifV_cy,,,,,,,
Algorithm: ,ReverseRBS,,,,,,,
Submit Date: ,06/15/2015,CPU Time: ,0:06:23.52,,,,,
Organism: ,Cyanothece sp. ATCC 51142 (ACCTCCTTA)**,,,,,,,
mRNA sequence: ,ACTCCTGACTCCTCAGATTAAACCTGAGACTCTTGTAGAGAAGGTTCTTCGACAAATTCTTCCATATCTTCGTCATCGCCATCATCGATGAATGTCTCGTCTGCGGGAATTAATTCCTTGCGACGACAACCGACAACGTAACCTTTTTCGAGAAAATGAACTGCGTAGATGTAATAACTTTGCAGATAAGTTCCAATACCTACCACATAGCCCACATCGCCTTTTTTCGCTAAGGTTTCGCCCACTTCTTTACCCGGAAACGTCCCATCATTGCGAATCATTCTCCGAAGACGAACCTTTGCCTCCATTTCAAAAGCTGGGGGATCATTAAGTTCAATTTCACCTGGATTATACAATCCCATGAGACATACTCCTATTGGTTACAACATCAATTAACTCCTCAACCGTTAGACTGCGTTTCATTTGTACCGATAAATGACGAACCGAGTCTAACACCACTTGGGACTCTTCATGGTTTAAACTAATGCCATGTTGACTCAATAAATTGGTCAATAAATGTCGTCCCGAATGCTTACCCACCACTAAACGGCGTTTCCAACCTACCTCATCTGGGGAAAAGGGTTCGTAGGTTTGGGGGTTTTGTAAGACACCATGAGCATGAATACCAGACTCGTGGGCAAACACATTGTCCCCAACGATCGCTTTCCAAGGGGGAAGGGGAATACCGGAGGCTTTAACCACCAGTTGAGATAGTTCTCGTAGACGAGAAGTCTCCATCCCTAAATCAACCTGATAGAGTCGTTTGAGAGCCATGATCATCTCTTCTAAGGCTGCGTTACCTGCCCTTTCTCCTAACCCATTAACGGTGGTATTCACCGAAACCGCACCTGCTTGCAACCCCGCTAAAGCATTGGCGGTGGCTAAGCCAAAATCATTATGGGTGTGCATTTCGATAGGCATCTTGATAGACTTCACCAATTTTCCCACTTTTTGAGCCGTGGTTAAAGGGTTAAGAATGCCCACCGTATCGCAGAAACGGAACCGAGAAGCCCCTAAACTTTCGGCAAATTGAGCTACTTCCACTAAAAAGGACTCATCTGCCCGTGAAGCATCTTCAGCCCCCACAGAAACGAATAAATCGTGATCTAGCGCAAAATTAATACTATCTCGTAACCGATCCCAAACAAGATTAGTTTTTCCTTTAAATTTTGCCTTAATTTGTATGTCTGATACAGGAACCGAGATATGAACCCTTCTCAAGCCACAGGCAATGGAGGCTTCAATATCCGAACGTACCGCACGGTTCCAACCTAAGAGGGCGGTTTTTAATCCTTTTTGGACAATGGCGGTGATGGCTTCGGCTTCAGAGCCTCCCATCGCAGGAATACCCACTTCCAACTCAGGAATACCGATGGCATCCATTAAACAAGCGATCGCTATTTTTTCGATGGCACTAAAAACAATACCGGCTGCTTGTTCTCCATCCCGTAGGGTTGTATCATTAACATGGACATGATTCATGGCTGAAACTCCTCAGATTAACCAATAATTAGGGAAACTGGAAATAAACTTGAGCATCTAGCCAATCCCAAATTCTTTGTAATTGGGTTACTGAGATTAAGCCATATTGCCATAGGAGCATCGGGATCGGATCCCCCGGTTGCCGTTGGTTGTTGATTACAACCGCCAGATCGTCCCGTGATAGGGCCATTTCTTGTTGTAAAAATTGACTGAATTCTGTAGAAATTGAATTGTTTTCCATGACAGCACTGAAACGTTCAGTTATCAACAGTGTTAGGTACTATGGCACTCAAGAAGATCGACTTTCTTGGCCATAGCACGATAACCGAGAAAACCACAAAGAGGCTTAAGAGGAATAAGAAAGCAAACTTTACGAATAATAATAATTAACCTTAATT,,,,,,,
,,,,,,,,
Start Position,Translation Initiation Rate (au),dG_total (kcal/mol),dG_mRNA_rRNA (kcal/mol),dG_spacing (kcal/mol),dG_standby (kcal/mol),dG_start (kcal/mol),dG_mRNA (kcal/mol),Accuracy (warnings)
4,0.28,20.24,2.62,11.96,0,-0.03,-5.7,OK
23,50.17,8.68,-1.38,0,0,-0.03,-10.1,NEQ
32,41.98,9.08,-0.98,0.01,0,-0.04,-10.1,NEQ
87,88.45,7.43,-1.28,0,0,-1.19,-9.9,NEQ OLS
91,0.82,17.83,2.62,0.01,0,-1.19,-16.4,OLS
100,0.61,18.48,-4.58,0,-4.5,-0.03,-18.6,NEQ
117,24.66,10.26,-6.08,0.29,0,-0.04,-16.1,NEQ
155,333.35,4.48,0.42,1.15,0,-1.19,-4.1,OLS
160,349.33,4.37,-2.88,0.29,0,-0.03,-7,OLS
168,182.72,5.81,-0.28,0.29,0,-1.19,-7,OK
179,150.26,6.25,-1.38,0.67,0,-0.04,-7,OK
270,183.5,5.8,-3.58,1.73,0,-0.04,-7.7,NEQ
298,82.46,7.58,-0.28,0.01,0,-0.04,-7.9,OK
316,8.64,12.59,0.82,0.29,0,-0.03,-11.52,NEQ
343,113.4,6.87,-2.18,0.29,0,-0.03,-8.8,NEQ
360,368.71,4.25,-3.68,1.73,0,-1.19,-7.4,NEQ
376,632.6,3.05,-2.38,0.29,0,-0.04,-5.19,NEQ
412,123.12,6.69,-0.08,0.01,0,-0.03,-6.8,NEQ
423,2.96,14.98,-0.08,0,0,-0.04,-15.1,NEQ
435,3.38,14.68,-0.38,1.15,0,-1.19,-15.1,NEQ
459,25.33,10.2,-2.88,1.73,0,-0.04,-11.4,OK
471,109.53,6.95,-6.08,1.52,0,-1.19,-12.7,OK
484,38.44,9.28,-3.38,1.15,0,-1.19,-12.7,NEQ OLS
489,12.21,11.82,0.32,0,0,-1.19,-12.7,NEQ OLS
492,0.81,17.86,0.42,0.29,0,-0.04,-17.2,NEQ OLS
505,83.71,7.55,-2.78,0.67,0,-0.04,-9.7,OK
516,449.45,3.81,-3.38,0.29,0,-1.19,-8.1,OK
528,390.57,4.13,-3.58,0,0,-1.19,-8.9,NEQ
569,0.16,21.49,1.72,0.01,0,-0.03,-19.8,NEQ
591,132.47,6.53,-8.08,1.15,0,-0.04,-13.5,NEQ
600,41.98,9.08,-5.28,0.01,0,-0.04,-14.4,NEQ
612,88.77,7.42,-11.58,4.99,0,-1.19,-15.2,NEQ
618,27.6,10.01,-7.18,0.29,0,-1.19,-18.1,NEQ
633,10.33,12.2,-0.98,1.15,0,-0.07,-12.1,NEQ
646,57.53,8.38,-12.58,0.01,-4.2,-0.04,-16.8,OK
705,31.67,9.71,-12.58,4.03,-0.3,-0.04,-18,NEQ
750,101.91,7.11,-2.58,0.01,0,-0.03,-9.72,NEQ
763,108.87,6.96,-0.28,0.29,0,-0.04,-7,NEQ
772,477.82,3.68,-3.48,1.15,0,-1.19,-7.2,NEQ
791,81.28,7.61,0.32,1.73,0,-0.03,-5.6,OK
800,1973.96,0.52,-7.48,0,0,-0.03,-8.04,OK
826,47.44,8.81,0.12,0.01,0,-0.07,-8.76,NEQ
848,1.57,16.38,0.52,0,3.6,-0.03,-19.5,NEQ OLS
852,17.11,11.08,-4.41,0,4.67,-0.04,-20.2,NEQ OLS
871,0.05,23.88,1.32,0.01,0,-0.04,-22.6,NEQ
877,0.1,22.53,-0.28,0.29,0,-0.07,-22.6,NEQ
897,299.76,4.71,-8.08,0.29,-3.8,-1.19,-9.9,OLS
901,131.48,6.54,-2.48,0,0,-0.07,-9.1,OLS
903,90.91,7.36,-2.48,0,0,-0.07,-9.92,NEQ OLS
922,479.22,3.67,-3.48,1.52,-0.2,-0.04,-5.47,NEQ
951,5.34,13.66,-2.28,0.29,0,-0.04,-15.7,NEQ
958,16.59,11.14,2.62,0,0,-0.07,-8.6,NEQ
976,208,5.52,-7.48,0,0,-1.19,-14.2,NEQ
1029,38.03,9.3,-1.68,1.52,0,-0.04,-9.5,NEQ
1058,112.79,6.88,-3.88,0,0,-0.03,-10.8,NEQ
1064,1395.07,1.3,-6.08,1.15,0,-0.07,-6.3,OK
1101,693.42,2.85,-0.28,0.01,0,-0.07,-3.2,OK
1169,220.48,5.4,0.02,2.4,0,-0.04,-3.02,OK
1179,164.42,6.05,0.42,0.67,0,-0.04,-5,NEQ OLS
1183,217.06,5.43,1.62,0.01,0,-1.19,-5,NEQ OLS
1187,276.78,4.89,-0.08,0.01,0,-0.03,-5,NEQ OLS
1206,115.87,6.82,1.2,0,7.48,-1.19,-14.3,NEQ
1231,5.93,13.43,-3.78,0.01,-1.5,-1.19,-16.9,NEQ
1296,175.11,5.91,-13.78,4.03,-0.2,-0.04,-15.5,OK
1303,4.2,14.2,-4.18,0.67,-0.6,-1.19,-18.3,OK
1309,5.63,13.54,-5.88,0,-1.9,-0.07,-17.6,NEQ OLS
1312,4.73,13.93,-3.58,0.01,0,-1.19,-18.7,NEQ OLS
1372,687.06,2.87,-7.58,1.52,0,-1.19,-10.12,NEQ
1408,15.51,11.29,-2.28,3.17,0,-1.19,-11.6,NEQ
1430,135.03,6.48,-1.68,0,0,-0.03,-8.2,NEQ OLS
1434,85.5,7.5,-1.68,1.52,0,-0.04,-7.7,NEQ OLS
1454,50.26,8.68,-0.08,0.01,0,-0.04,-8.8,NEQ
1467,1703.02,0.85,-8.38,1.73,0,-1.19,-8.7,NEQ
1473,67.52,8.02,-6.68,7.2,0,-1.19,-8.7,NEQ
1480,640.76,3.02,-4.48,0,0,-1.19,-8.7,NEQ OLS
1484,111.38,6.91,-3.58,1.73,0,-0.03,-8.8,NEQ OLS
1519,322.59,4.55,-4.98,1.52,0,-0.03,-8.04,NEQ
1531,242.56,5.18,-7.08,3.17,0,-0.04,-9.14,NEQ
1558,17.9,10.98,1.72,0,0,-0.04,-9.3,NEQ
1564,32.13,9.68,0.42,0,0,-0.04,-9.3,NEQ
1572,15.4,11.31,-1.98,1.52,0,-0.03,-11.8,NEQ
1588,108.02,6.98,-0.34,0.01,7.14,-0.04,-14.5,NEQ
1621,8.9,12.53,-5.98,1.15,-0.3,-0.04,-17.1,OK
1627,0.92,17.58,-7.28,0,-3.9,-0.04,-21,NEQ OLS
1631,1.95,15.9,-8.78,1.52,-2.2,-0.04,-21,NEQ OLS
1634,12.55,11.76,-12.18,0.29,-2.2,-0.04,-21.5,OLS
1659,69.85,7.95,-7.28,0.01,-1.1,-0.07,-14.2,NEQ
1675,398.41,4.08,-4.28,0.01,0,-0.04,-8.4,NEQ OLS
1678,902.68,2.26,-5.18,0.29,0,-0.04,-7.2,NEQ OLS
1687,1472.94,1.18,-3.48,0,0,-0.04,-4.7,NEQ OLS
1691,652.42,2.98,-1.78,0,0,-0.03,-4.8,NEQ OLS
1698,96.55,7.23,-0.28,0.01,0,-0.03,-7.54,NEQ
1707,51.76,8.62,-0.08,0,0,-0.04,-8.74,NEQ OLS
1712,118.2,6.78,-3.28,0.01,0,-0.04,-10.1,NEQ OLS
1721,25.09,10.23,-0.38,0,-0.3,-1.19,-11.5,NEQ
1730,6.93,13.08,1.62,0,0,-0.03,-11.5,NEQ
1752,34,9.55,0.02,0.01,0,-0.07,-9.6,NEQ
1764,33.99,9.55,-7.98,1.52,0,-1.19,-17.2,NEQ
1789,1.1,17.18,-0.88,0,0,-0.04,-18.1,NEQ
