Title:,nifW_ec,,,,,,,
Algorithm: ,ReverseRBS,,,,,,,
Submit Date: ,06/15/2015,CPU Time: ,0:01:28.47,,,,,
Organism: ,Escherichia coli 536 (ACCTCCTTA),,,,,,,
mRNA sequence: ,CGAGACTTTAATGTAAAGGAATAGGGAACGGGGAACCAGGAACAGTTAGTTCTTACTTATCCCTGAAATAAACAATTAAACCGAGGTAAAACGATGACAGTCGCTACTGATAATAATCCCACTCCAGAAGCCGTTGCGGATCTCAAAAAGAAGGTTCGTAAACTCAATTCTAAAGCCGGTCAAATGAAGATGGACTTACACGATCTCGCTGAGGGACTGCCTACCGACTACGAAAACCTAGTGGAAACGGCAGAAAAAACTTACGAAATATTCCGTGAGTTAGATCAACTAAAGAAAAAACTAAACATCTGGGAGGAAACCCTAAAATGACTATTACTGCTGATACCCCAAGAACCCTGGCTGAGTTCACCAAACTCATTGATACAGAAGACTATTTAAACTTCTTTGGTATTAGTTATGACCCTACTTTTGTTAACGTTAACCGTCTCCATATTCTTAAGCAGTTCTCTTTACTTATCGCCCAAGTCGACAAAGCCTTCCCCGATCTCAGTGAAAGTGAAAAATTAGAAAAATATCAATTAGCTTTTTCAGAAGCTTACGAACTTTTTAAAACCTCCAGTCCTTTAGAAACCAAACTCTTTAAAGTGTTTAAAGATGTTCCTAGTAACGTGGTTTTATTGGATGATTTAACCAAAGAAGCTGGCATTATGCAATAGAAGAAGCAGGGAGAAGGGAGCAAAGGGAGCAGGGAGAAATGTATGAGTACAATTTTCCCACACTCCTCACCCTTCCCTGTTACTGAGCTTGTCGAAGTACACTCTCAACACCTCACCTCTAAACGGTCATGAACTTCACCCCTACTGAACTCGAACGTTATTCACGACAAATACAACTCCCTGGTTTTGGGGAAGAAGGACAAAAACGCCTCAAGGACTCCACTGCTGTGGTCACAGGAGTTGGTGGCCTTGGTGGGACGGTTGCCCTCTATTTAGCTGTTGC,,,,,,,
,,,,,,,,
Start Position,Translation Initiation Rate (au),dG_total (kcal/mol),dG_mRNA_rRNA (kcal/mol),dG_spacing (kcal/mol),dG_standby (kcal/mol),dG_start (kcal/mol),dG_mRNA (kcal/mol),Accuracy (warnings)
10,9952.09,-3.07,-6.48,0.01,0,-1.19,-4.6,OK
62,29.17,9.89,-2.58,0.01,-0.6,-0.03,-11.9,NEQ
93,32320.34,-5.69,-7.88,0.29,0,-1.19,-3.1,OK
106,164.61,6.04,-0.28,0,0,-0.03,-6.36,NEQ
133,12.12,11.84,0.02,0.01,0,-0.04,-11.86,OK
183,1489.94,1.15,-7.28,1.52,-0.5,-1.19,-7.6,NEQ
189,483.01,3.65,-5.38,1.73,0,-1.19,-8.5,NEQ
208,117.45,6.79,-0.98,0,0,-0.03,-7.81,NEQ
216,57.29,8.39,-0.38,0.01,0,-0.03,-8.8,OK
240,27.15,10.05,-3.88,0.01,0,-0.07,-14,NEQ
274,100.37,7.14,-0.98,0,0,-0.07,-8.2,OK
308,166.99,6.01,-0.88,1.73,0,-0.03,-5.2,OK
326,27734.62,-5.35,-11.08,1.73,0,-1.19,-5.2,OK
336,807.92,2.51,-2.08,1.52,3.7,-0.03,-6.8,OLS
339,2530.63,-0.03,-7.38,0.29,0,-0.03,-7.1,OLS
356,196.01,5.66,0.32,0.67,0,-0.03,-4.7,OLS
360,346.62,4.39,-0.28,0.01,0,-0.03,-4.7,OLS
378,96.67,7.23,-2.28,1.15,0,-0.04,-8.4,OK
405,45.94,8.88,1.32,0.01,0,-0.04,-7.6,NEQ
417,1778.21,0.76,-4.98,0.67,-1.6,-1.19,-4.66,NEQ
429,729.93,2.74,-0.28,0,0,-0.04,-3.06,NEQ
510,244.67,5.16,-0.88,2.4,0,-0.07,-3.72,NEQ
516,1039.68,1.95,-0.5,0.01,0,-0.07,-2.52,OK
605,18.11,10.95,1.72,0.01,0,-0.07,-9.3,NEQ
615,30.2,9.81,-1.18,0.29,0,-1.19,-11.9,NEQ
629,19.64,10.77,-4.18,1.52,0,-0.07,-13.5,NEQ
638,161.97,6.08,-4.28,0.01,0,-0.04,-10.4,NEQ OLS
642,177.53,5.88,-4.28,1.15,0,-1.19,-10.2,NEQ OLS
660,17.41,11.04,0.32,1.15,0,-0.03,-9.6,NEQ
668,196.62,5.65,-4.38,1.52,-0.5,-1.19,-9.2,NEQ
715,6.89,13.1,-8.38,0.67,0,-1.19,-22,NEQ OLS
719,0.48,19.03,-8.38,0.01,0,-1.19,-28.6,NEQ OLS
753,53.79,8.53,2.62,0.01,0,-0.03,-5.94,NEQ
759,117.7,6.79,2.62,0.01,0,-0.03,-4.2,OK
765,237.8,5.23,-0.08,1.15,0,-0.04,-4.2,OK
805,271.83,4.93,2.62,0.01,0,-1.19,-3.5,NEQ
821,717.73,2.77,-0.18,0.29,-0.5,-0.03,-2.2,NEQ
857,82.11,7.59,1.12,0.01,0,-0.03,-6.5,OK
863,57.98,8.36,1.32,0.29,0,-0.04,-6.8,NEQ
899,1.57,16.38,-4.68,0,-0.8,-0.03,-20.3,NEQ OLS
902,4.42,14.08,-1.62,0,5.56,-0.03,-21.3,NEQ OLS
904,3.32,14.72,-7.78,0.67,-0.6,-0.07,-21.3,NEQ OLS
917,0.55,18.73,-3.68,1.15,0,-0.04,-21.3,NEQ OLS
920,7.36,12.95,-7.28,0.01,0,-0.07,-20.3,NEQ OLS
926,114.7,6.85,-11.78,0.67,0,-0.04,-18,CDS OLS
929,84.9,7.52,-10.98,0.67,0,-0.07,-17.9,CDS NEQ OLS
938,394.9,4.1,-10.68,1.52,0,-0.04,-13.3,CDS
953,496.84,3.59,-5.28,0.01,0,-0.03,-8.9,CDS NEQ OLS
956,108.28,6.98,-1.28,0,-0.9,-0.04,-7.4,CDS NEQ OLS
