Title:,nifW_sy,,,,,,,
Algorithm: ,ReverseRBS,,,,,,,
Submit Date: ,06/15/2015,CPU Time: ,0:01:53.24,,,,,
Organism: ,Synechocystis sp. PCC 6803 (ACCTCCTTT)**,,,,,,,
mRNA sequence: ,CGAGACTTTAATGTAAAGGAATAGGGAACGGGGAACCAGGAACAGTTAGTTCTTACTTATCCCTGAAATAAACAATTAAACCGAGGTAAAACGATGACAGTCGCTACTGATAATAATCCCACTCCAGAAGCCGTTGCGGATCTCAAAAAGAAGGTTCGTAAACTCAATTCTAAAGCCGGTCAAATGAAGATGGACTTACACGATCTCGCTGAGGGACTGCCTACCGACTACGAAAACCTAGTGGAAACGGCAGAAAAAACTTACGAAATATTCCGTGAGTTAGATCAACTAAAGAAAAAACTAAACATCTGGGAGGAAACCCTAAAATGACTATTACTGCTGATACCCCAAGAACCCTGGCTGAGTTCACCAAACTCATTGATACAGAAGACTATTTAAACTTCTTTGGTATTAGTTATGACCCTACTTTTGTTAACGTTAACCGTCTCCATATTCTTAAGCAGTTCTCTTTACTTATCGCCCAAGTCGACAAAGCCTTCCCCGATCTCAGTGAAAGTGAAAAATTAGAAAAATATCAATTAGCTTTTTCAGAAGCTTACGAACTTTTTAAAACCTCCAGTCCTTTAGAAACCAAACTCTTTAAAGTGTTTAAAGATGTTCCTAGTAACGTGGTTTTATTGGATGATTTAACCAAAGAAGCTGGCATTATGCAATAGAAGAAGCAGGGAGAAGGGAGCAAAGGGAGCAGGGAGAAATGTATGAGTACAATTTTCCCACACTCCTCACCCTTCCCTGTTACTGAGCTTGTCGAAGTACACTCTCAACACCTCACCTCTAAACGGTCATGAACTTCACCCCTACTGAACTCGAACGTTATTCACGACAAATACAACTCCCTGGTTTTGGGGAAGAAGGACAAAAACGCCTCAAGGACTCCACTGCTGTGGTCACAGGAGTTGGTGGCCTTGGTGGGACGGTTGCCCTCTATTTAGCTGTTGC,,,,,,,
,,,,,,,,
Start Position,Translation Initiation Rate (au),dG_total (kcal/mol),dG_mRNA_rRNA (kcal/mol),dG_spacing (kcal/mol),dG_standby (kcal/mol),dG_start (kcal/mol),dG_mRNA (kcal/mol),Accuracy (warnings)
10,9952.09,-3.07,-6.48,0.01,0,-1.19,-4.6,OK
62,29.17,9.89,-2.58,0.01,-0.6,-0.03,-11.9,NEQ
93,32320.34,-5.69,-7.88,0.29,0,-1.19,-3.1,OK
106,164.61,6.04,-0.28,0,0,-0.03,-6.36,NEQ
133,12.12,11.84,0.02,0.01,0,-0.04,-11.86,OK
183,2233.97,0.25,-8.18,1.52,-0.5,-1.19,-7.6,NEQ
189,724.2,2.75,-6.28,1.73,0,-1.19,-8.5,NEQ
208,117.45,6.79,-0.98,0,0,-0.03,-7.81,NEQ
216,57.29,8.39,-0.38,0.01,0,-0.03,-8.8,OK
240,27.15,10.05,-3.88,0.01,0,-0.07,-14,NEQ
274,100.37,7.14,-0.98,0,0,-0.07,-8.2,OK
308,250.38,5.11,-1.78,1.73,0,-0.03,-5.2,OK
326,27734.62,-5.35,-11.08,1.73,0,-1.19,-5.2,OK
336,807.92,2.51,-2.08,1.52,3.7,-0.03,-6.8,OLS
339,2530.63,-0.03,-7.38,0.29,0,-0.03,-7.1,OLS
356,148.55,6.27,1.32,0.29,0,-0.03,-4.7,OLS
360,346.62,4.39,-0.28,0.01,0,-0.03,-4.7,OLS
378,61.64,8.23,-1.28,1.15,0,-0.04,-8.4,OK
405,75.54,7.78,-2.18,2.4,0,-0.04,-7.6,NEQ
417,1778.21,0.76,-4.98,0.67,-1.6,-1.19,-4.66,NEQ
429,729.93,2.74,-0.28,0,0,-0.04,-3.06,NEQ
510,366.85,4.26,-1.78,2.4,0,-0.07,-3.72,NEQ
516,1039.68,1.95,-0.5,0.01,0,-0.07,-2.52,OK
605,18.11,10.95,1.72,0.01,0,-0.07,-9.3,NEQ
615,44.93,8.93,-1.78,0.01,0,-1.19,-11.9,NEQ
629,19.64,10.77,-4.18,1.52,0,-0.07,-13.5,NEQ
638,123.64,6.68,-3.68,0.01,0,-0.04,-10.4,NEQ OLS
642,135.52,6.48,-3.68,1.15,0,-1.19,-10.2,NEQ OLS
660,13.78,11.56,1.32,0.67,0,-0.03,-9.6,NEQ
668,352.96,4.35,-5.68,1.52,-0.5,-1.19,-9.2,NEQ
715,10.33,12.2,-9.28,0.67,0,-1.19,-22,NEQ OLS
719,0.48,19.03,-8.38,0.01,0,-1.19,-28.6,NEQ OLS
753,53.79,8.53,2.4,0.01,-0.22,-0.03,-5.94,NEQ
759,117.98,6.78,2.62,0,0,-0.03,-4.2,OK
765,237.8,5.23,-0.08,1.15,0,-0.04,-4.2,OK
805,272.48,4.92,2.62,0,0,-1.19,-3.5,NEQ
821,781.1,2.58,-0.08,0,-0.5,-0.03,-2.2,NEQ
857,86.56,7.47,0.72,0.29,0,-0.03,-6.5,OK
863,55,8.48,1.72,0.01,0,-0.04,-6.8,NEQ
899,1.57,16.38,-4.68,0,-0.8,-0.03,-20.3,NEQ OLS
902,4.42,14.08,-1.62,0,5.56,-0.03,-21.3,NEQ OLS
904,3.32,14.72,-7.78,0.67,-0.6,-0.07,-21.3,NEQ OLS
917,0.55,18.73,-3.68,1.15,0,-0.04,-21.3,NEQ OLS
920,7.36,12.95,-7.28,0.01,0,-0.07,-20.3,NEQ OLS
926,114.7,6.85,-11.78,0.67,0,-0.04,-18,CDS OLS
929,84.9,7.52,-10.98,0.67,0,-0.07,-17.9,CDS NEQ OLS
938,394.9,4.1,-10.68,1.52,0,-0.04,-13.3,CDS
953,496.84,3.59,-5.28,0.01,0,-0.03,-8.9,CDS NEQ OLS
956,108.28,6.98,-1.28,0,-0.9,-0.04,-7.4,CDS NEQ OLS
