Title:,nifX_sy,,,,,,,
Algorithm: ,ReverseRBS,,,,,,,
Submit Date: ,06/15/2015,CPU Time: ,0:03:18.45,,,,,
Organism: ,Synechocystis sp. PCC 6803 (ACCTCCTTT)**,,,,,,,
mRNA sequence: ,CAGAAATGGGGGCTAATATTCAAGCTGCTGTCACCACAACTAAGTCCCCCATCTTGGAAGATTTACCCATCGATAGTGTTACTATTGGTGACTTAGAAGACTTAGAAGAATTAGCAGTCGGTTCTGATTTAATTATTACGAATTCCCACGGTACTTCCTTAGCTAAACGTCTCAAAGCCCCATTATATAGAATGGGTTATCCTATCTTTGATCAACTGGGTTTAGGACAACGCTGTTTAGTGGGATATCGTGGCACCATGAAATTTTTATTTGATGTTGGCAATATTCTCCTAGAAGAAGAAGCCAAACATAGTCCCGTTGCTCTACATTAACACGGGTTTACTGTTTAAACTTTTCCCTTATTTCATTCATCTGAGAGGAAAAACATGAAAGTTGCATTTACTACTAGCGATAATGTCCATGTTAACGCTCACTTTGGTTGGGCGAAGAATATCGACTTATATGATGTGTCTCCTGACGGCTTCAATTTTGTCAATACCTTAGAGTTTGGTGGCGACTTAAAAGAAGATGGAAACGAAGACAAATTAGTCCCCAAATTAGAGGCATTAGATGGCTGTACTTTACTCTATGTTTCTGCGATCGGTGGCAGTGCAGCAGCCCGTTTAATCCGTCAAAATGTGACCCCCATTAAAGCGAGAACGGATCAAGATAAAATTGATGAAATTCTCGGCGAATTAGTGAAAACTTTAAAAGGAAATCCGCCTCCTTGGTTAAGAAAAGTTCTACAAAAAGAAGCTGGACTTGAACCAACCCCTAACTTTTTAGCAGAGGATGAATAAGGAGTAATCAGTGAATAGTTAGCAGTTACCAGTGATCAAAAAATTGATAATTGATAGCTGCTTTCTGAACTGCTAAGTATCCTATTTTTATACCTCAAAAAATCTATGAACAATTAACAACAAAATAGTGTAAAATTGTTCATAGATAACGGAAATGCTCTCATTGTAATTGTTATTATGACAACAACAACAAATTCGGAAACCAATACTCTCTTAGTCGAACAAAGTCCTTTTCTACAATCATTAGTTCAGCAAATTCGGGCTTACGATCACTATGGAGTGTATCGTACTTGGACTGATGAACTTGTTATTGCACCTTA,,,,,,,
,,,,,,,,
Start Position,Translation Initiation Rate (au),dG_total (kcal/mol),dG_mRNA_rRNA (kcal/mol),dG_spacing (kcal/mol),dG_standby (kcal/mol),dG_start (kcal/mol),dG_mRNA (kcal/mol),Accuracy (warnings)
5,0.79,17.9,0.02,12.18,0,-1.19,-6.9,NEQ
24,301.12,4.7,-9.98,3.17,0,-0.03,-11.55,NEQ OLS
27,98.63,7.18,-3.11,6.05,7.27,-0.03,-11.55,NEQ OLS
53,298.71,4.72,0.49,0.01,5.87,-0.04,-10.14,NEQ
75,17.35,11.04,-1.98,0,0,-0.07,-13.1,OK
84,17.9,10.98,-2.18,0,-1,-0.04,-12.2,NEQ OLS
87,25.41,10.2,-1.18,1.15,0,-0.07,-10.3,NEQ OLS
123,290.82,4.78,-0.98,0.01,0,-0.03,-5.79,NEQ
191,6.6,13.19,-1.78,1.73,0,-1.19,-14.44,NEQ
207,86.26,7.48,1.52,0.01,5.4,-0.04,-11.4,NEQ
215,23.29,10.39,-1.98,0.01,-0.7,-0.03,-11.7,NEQ
232,277.44,4.88,-7.18,0,0,-0.03,-12.1,NEQ
239,186.1,5.77,-5.18,1.73,0,-0.07,-9.3,OK
249,337.5,4.45,-5.68,0.01,-0.8,-0.07,-9.4,NEQ
257,55.69,8.45,-5.68,1.73,-0.5,-1.19,-13.1,NEQ
270,4.04,14.28,-2.18,0.01,-0.7,-0.04,-15.8,NEQ OLS
273,16.82,11.11,-2.68,0.29,-1.2,-1.19,-13.5,OLS
276,15.6,11.28,-3.18,0.01,0,-0.04,-14.5,NEQ OLS
318,132.87,6.52,4.76,0.01,6.34,-0.04,-8.14,NEQ
342,529.23,3.45,-4.98,1.52,0,-0.03,-6.94,NEQ
372,33.38,9.59,2.62,0.01,0,-0.03,-7,NEQ
386,1099.61,1.82,-6.18,0,0,-1.19,-9.2,OK
393,1014.73,2,-7.08,1.73,0,-0.04,-7.4,NEQ
414,22.67,10.45,3.48,1.52,5.16,-1.19,-11.8,NEQ
420,84.56,7.53,-1.38,0,0,-1.19,-10.1,OK
435,1.44,16.58,1.62,0,0,-0.04,-15,NEQ OLS
439,7.53,12.9,-2.58,1.52,0,-0.04,-14,NEQ OLS
462,105.64,7.03,-4.48,0.01,0,-1.19,-12.7,NEQ OLS
465,67.52,8.02,-1.98,0,0,-1.19,-11.2,NEQ OLS
467,30.15,9.82,-1.98,0.67,0,-0.07,-11.2,NEQ OLS
474,117.98,6.78,-3.78,0,-1,-0.03,-9.6,NEQ
489,69.92,7.95,-2.38,0.67,0,-0.04,-9.7,OK
507,14.29,11.48,-0.78,0,0,-0.04,-12.3,NEQ OLS
510,114.6,6.85,-3.38,0.01,0,-0.07,-10.3,NEQ OLS
528,42.25,9.07,-5.28,4.99,0,-1.19,-10.55,NEQ
570,1506.8,1.13,-6.88,0,0,-1.19,-9.2,NEQ OLS
574,222.73,5.37,-0.88,0.29,6,-0.03,-12,NEQ OLS
588,5.43,13.63,-4.38,2.4,0,-1.19,-16.8,NEQ
594,0.34,19.79,1.52,0.01,0,-0.03,-18.3,NEQ
603,1.46,16.54,1.62,0,0,-0.07,-15,NEQ
609,83.63,7.55,-4.78,0.01,0,-0.07,-12.4,NEQ
636,553.49,3.35,-4.28,0.01,0,-1.19,-8.82,NEQ OLS
638,173.17,5.93,-2.28,0.29,0,-0.07,-8,NEQ OLS
675,73.8,7.83,-4.68,1.15,0,-0.04,-11.4,NEQ OLS
678,61.56,8.23,-1.98,0.01,0,-1.19,-11.4,NEQ OLS
698,764.66,2.63,-4.58,0.29,0,-0.07,-7,OK
727,1646.87,0.93,-7.18,1.15,0,-0.04,-7,NEQ
756,62.83,8.18,-3.48,2.4,0,-0.03,-9.3,NEQ
762,94.38,7.28,-2.78,0.01,0,-0.04,-10.1,NEQ
792,198.37,5.63,-0.08,0.01,0,-1.19,-6.9,NEQ
810,10320.64,-3.15,-8.68,0.01,0,-0.07,-5.6,OK
831,1.27,16.85,-1.08,0.01,0,-0.07,-18,NEQ
843,0.17,21.38,-1.38,0,0,-0.04,-22.8,NEQ
850,0.36,19.68,0.82,0.01,0,-0.04,-18.9,NEQ
857,14.41,11.46,-0.28,0.67,0,-0.03,-11.1,NEQ
864,242.4,5.18,-3.58,0,-2.9,-0.03,-5.9,OLS
869,278.44,4.88,-0.68,0.67,0,-0.03,-4.92,NEQ OLS
905,390.57,4.13,9.16,0,7.14,-1.19,-3.3,OK
927,0.97,17.45,1.72,0.01,0,-0.07,-15.8,NEQ
935,3.53,14.58,-1.18,0.01,0,-0.04,-15.8,NEQ
954,181.73,5.83,-0.88,0,0,-1.19,-7.9,NEQ
963,269.74,4.95,-3.58,0.67,0,-0.04,-7.9,NEQ
969,38.6,9.27,-3.58,4.99,0,-0.04,-7.9,NEQ
977,837.39,2.43,-0.28,0.01,0,-1.19,-3.9,OK
1074,1.65,16.28,-3.28,1.15,0,-1.19,-19.6,NEQ OLS
1079,0.37,19.62,-1.48,0.67,-1.2,-0.07,-19.3,NEQ OLS
1090,353.36,4.35,-8.68,0.67,0,-0.04,-12.4,CDS NEQ OLS
1095,208.76,5.52,-7.38,4.03,0,-0.03,-8.9,CDS OLS
1098,2556.89,-0.05,-10.58,1.52,-1.3,-1.19,-8.9,CDS OLS
1104,1620.4,0.96,-4.98,0.29,0,-0.04,-5.7,CDS NEQ
1110,399.37,4.08,-1.58,0,0,-0.04,-5.7,CDS NEQ
