Title:,nifZ_sy,,,,,,,
Algorithm: ,ReverseRBS,,,,,,,
Submit Date: ,06/15/2015,CPU Time: ,0:03:19.82,,,,,
Organism: ,Synechocystis sp. PCC 6803 (ACCTCCTTT)**,,,,,,,
mRNA sequence: ,GAAGACTAGAGACGTTTTGCGTCCAAGGTTTGGGGTAACTTTGTATCGTCATTAAGGTTAGGAAATTGTAATTCCCAACCATTAGCTAAGGTTAAAATTTTGCCGTCTCCTTCAATGGTTTCGTTAACCACTGCTTCCTCTAAATCTTTCTTAGGAACATAAACGGATAAATTTCCGGCATCTTCTCTGCTTAAGATCACTTTCATAGCGTAACTCCTAAAGTTAGTTAATTGTTGATAAGGAATCGGGAATAGTTGTTATCTGAAACTCCTGACTCCTGACTCCTGACTCCTCAGATTAAACCTGAGACTCTTGTAGAGAAGGTTCTTCGACAAATTCTTCCATATCTTCGTCATCGCCATCATCGATGAATGTCTCGTCTGCGGGAATTAATTCCTTGCGACGACAACCGACAACGTAACCTTTTTCGAGAAAATGAACTGCGTAGATGTAATAACTTTGCAGATAAGTTCCAATACCTACCACATAGCCCACATCGCCTTTTTTCGCTAAGGTTTCGCCCACTTCTTTACCCGGAAACGTCCCATCATTGCGAATCATTCTCCGAAGACGAACCTTTGCCTCCATTTCAAAAGCTGGGGGATCATTAAGTTCAATTTCACCTGGATTATACAATCCCATGAGACATACTCCTATTGGTTACAACATCAATTAACTCCTCAACCGTTAGACTGCGTTTCATTTGTACCGATAAATGACGAACCGAGTCTAACACCACTTGGGACTCTTCATGGTTTAAACTAATGCCATGTTGACTCAATAAATTGGTCAATAAATGTCGTCCCGAATGCTTACCCACCACTAAACGGCGTTTCCAACCTACCTCATCTGGGGAAAAGGGTTCGTAGGTTTGGGGGTTTTGTAAGACACCATGAGCATGAATACCAGACTCGTGGGCAAACACATTGTCCCCAACGATCGCTTTCCAAGGGGGAAGGG,,,,,,,
,,,,,,,,
Start Position,Translation Initiation Rate (au),dG_total (kcal/mol),dG_mRNA_rRNA (kcal/mol),dG_spacing (kcal/mol),dG_standby (kcal/mol),dG_start (kcal/mol),dG_mRNA (kcal/mol),Accuracy (warnings)
16,19.83,10.75,-2.98,0.67,0,-0.04,-13.1,NEQ
29,5.38,13.65,-1.18,0.67,-1.1,-0.04,-13.1,NEQ
40,6787.07,-2.22,-8.2,0.01,3.88,-0.04,-9.9,NEQ
65,386.64,4.15,-6.48,0.67,-0.5,-0.04,-9.5,NEQ
99,579.71,3.25,-8.18,0.67,0,-0.04,-10.8,NEQ
114,15.63,11.28,-1.08,1.15,0,-1.19,-12.4,NEQ
130,268.59,4.96,-1.68,1.15,0,-0.03,-5.52,OK
186,75.04,7.79,-3.08,0.01,-1.4,-0.03,-9.5,NEQ
230,160.54,6.1,-1.78,1.52,0,-0.04,-6.4,NEQ OLS
233,306.51,4.66,-1.78,0.29,0,-0.04,-6.2,NEQ OLS
254,55.13,8.48,-6.18,0,0,-0.04,-14.7,NEQ
261,12.7,11.74,-1.58,1.15,4.8,-0.03,-17,NEQ
270,1.43,16.58,0.52,0,-1.1,-0.03,-15,NEQ
277,6.33,13.28,0.42,0,0,-0.03,-12.9,NEQ
284,205.03,5.56,-0.28,0.67,0,-0.03,-5.2,NEQ
303,26.72,10.08,0.02,0,0,-0.03,-10.1,NEQ
312,60.32,8.28,0.42,0,0,-0.04,-7.9,NEQ
367,88.45,7.43,-1.28,0,0,-1.19,-9.9,NEQ OLS
371,0.82,17.82,2.62,0,0,-1.19,-16.4,OLS
380,0.69,18.21,-1.88,1.52,0,-0.03,-18.6,NEQ
397,24.66,10.26,-6.08,0.29,0,-0.04,-16.1,NEQ
435,325.45,4.53,1.62,0.01,0,-1.19,-4.1,OLS
440,349.33,4.37,-2.88,0.29,0,-0.03,-7,OLS
448,199.93,5.61,-0.48,0.29,0,-1.19,-7,OK
459,150.26,6.25,-1.38,0.67,0,-0.04,-7,OK
550,183.5,5.8,-3.58,1.73,0,-0.04,-7.7,NEQ
578,97.86,7.2,-2.18,1.52,0,-0.04,-7.9,OK
596,8.64,12.59,0.82,0.29,0,-0.03,-11.52,NEQ
623,63.17,8.17,-0.88,0.29,0,-0.03,-8.8,NEQ
640,368.71,4.25,-3.68,1.73,0,-1.19,-7.4,NEQ
656,632.6,3.05,-2.38,0.29,0,-0.04,-5.19,NEQ
692,123.12,6.69,-0.08,0.01,0,-0.03,-6.8,NEQ
703,2.96,14.98,-0.08,0,0,-0.04,-15.1,NEQ
715,3.38,14.68,-0.38,1.15,0,-1.19,-15.1,NEQ
739,25.33,10.2,-2.88,1.73,0,-0.04,-11.4,OK
751,109.53,6.95,-6.08,1.52,0,-1.19,-12.7,OK
764,38.44,9.28,-3.38,1.15,0,-1.19,-12.7,NEQ OLS
769,12.21,11.82,0.32,0,0,-1.19,-12.7,NEQ OLS
772,0.77,17.98,0.62,0,-0.2,-0.04,-17.2,NEQ OLS
785,83.71,7.55,-2.78,0.67,0,-0.04,-9.7,OK
796,449.45,3.81,-3.38,0.29,0,-1.19,-8.1,OK
808,390.57,4.13,-3.58,0,0,-1.19,-8.9,NEQ
849,0.16,21.49,1.72,0.01,0,-0.03,-19.8,NEQ
871,132.47,6.53,-8.08,1.15,0,-0.04,-13.5,NEQ
880,41.98,9.08,-5.28,0.01,0,-0.04,-14.4,NEQ
892,88.77,7.42,-11.58,4.99,0,-1.19,-15.2,NEQ
898,15.37,11.31,-5.88,0.29,0,-1.19,-18.1,NEQ
913,9.22,12.45,0.42,0.01,0,-0.07,-12.1,NEQ
926,90.23,7.38,-12.58,0.01,-4.2,-0.04,-15.8,CDS
